日期,景点名称,客流量,是否节假日,天气
2024-12-26,沈阳故宫,2311,0,晴
2024-12-27,沈阳故宫,2499,0,中雨
2024-12-28,沈阳故宫,2638,0,晴
2024-12-29,沈阳故宫,2755,0,中雨
2024-12-30,沈阳故宫,2965,0,晴
2024-12-31,沈阳故宫,4234,0,小雨
2025-01-01,沈阳故宫,1088,1,小雨
2025-01-02,沈阳故宫,4750,1,多云
2025-01-03,沈阳故宫,7828,1,晴
2025-01-04,沈阳故宫,4632,1,阴
2025-01-05,沈阳故宫,7197,1,晴
2025-01-06,沈阳故宫,9888,1,晴
2025-01-07,沈阳故宫,9428,1,阴
2025-01-08,沈阳故宫,1218,0,小雨
2025-01-09,沈阳故宫,4843,0,中雨
2025-01-10,沈阳故宫,4794,0,晴
2025-01-11,沈阳故宫,5322,0,小雨
2025-01-12,沈阳故宫,3487,0,小雨
2025-01-13,沈阳故宫,5000,0,中雨
2025-01-14,沈阳故宫,2848,0,多云
2025-01-15,沈阳故宫,1796,0,阴
2025-01-16,沈阳故宫,4340,0,晴
2025-01-17,沈阳故宫,4373,0,晴
2025-01-18,沈阳故宫,3717,0,中雨
2025-01-19,沈阳故宫,1363,0,中雨
2025-01-20,沈阳故宫,1049,0,多云
2025-01-21,沈阳故宫,515,0,中雨
2025-01-22,沈阳故宫,2427,0,阴
2025-01-23,沈阳故宫,2752,0,小雨
2025-01-24,沈阳故宫,3788,0,阴
2025-01-25,沈阳故宫,3696,0,小雨
2025-01-26,沈阳故宫,4990,0,阴
2025-01-27,沈阳故宫,2357,0,晴
2025-01-28,沈阳故宫,1965,0,晴
2025-01-29,沈阳故宫,2527,0,晴
2025-01-30,沈阳故宫,4864,0,阴
2025-01-31,沈阳故宫,1615,0,小雨
2025-02-01,沈阳故宫,5958,1,小雨
2025-02-02,沈阳故宫,14586,1,阴
2025-02-03,沈阳故宫,6622,1,多云
2025-02-04,沈阳故宫,4308,1,小雨
2025-02-05,沈阳故宫,9724,1,多云
2025-02-06,沈阳故宫,2384,1,晴
2025-02-07,沈阳故宫,7838,1,中雨
2025-02-08,沈阳故宫,2626,0,小雨
2025-02-09,沈阳故宫,2494,0,多云
2025-02-10,沈阳故宫,4609,0,晴
2025-02-11,沈阳故宫,2562,0,中雨
2025-02-12,沈阳故宫,3276,0,阴
2025-02-13,沈阳故宫,1275,0,阴
2025-02-14,沈阳故宫,3972,0,晴
2025-02-15,沈阳故宫,4188,0,小雨
2025-02-16,沈阳故宫,3843,0,小雨
2025-02-17,沈阳故宫,2165,0,小雨
2025-02-18,沈阳故宫,3610,0,多云
2025-02-19,沈阳故宫,4046,0,小雨
2025-02-20,沈阳故宫,2985,0,小雨
2025-02-21,沈阳故宫,4058,0,小雨
2025-02-22,沈阳故宫,6732,0,多云
2025-02-23,沈阳故宫,2157,0,小雨
2025-02-24,沈阳故宫,3527,0,小雨
2025-02-25,沈阳故宫,2788,0,小雨
2025-02-26,沈阳故宫,1835,0,中雨
2025-02-27,沈阳故宫,524,0,中雨
2025-02-28,沈阳故宫,2921,0,小雨
2025-03-01,沈阳故宫,5470,0,晴
2025-03-02,沈阳故宫,7126,0,多云
2025-03-03,沈阳故宫,1687,0,晴
2025-03-04,沈阳故宫,1191,0,小雨
2025-03-05,沈阳故宫,2027,0,小雨
2025-03-06,沈阳故宫,2923,0,阴
2025-03-07,沈阳故宫,4788,0,阴
2025-03-08,沈阳故宫,1060,0,阴
2025-03-09,沈阳故宫,4834,0,阴
2025-03-10,沈阳故宫,844,0,中雨
2025-03-11,沈阳故宫,3247,0,晴
2025-03-12,沈阳故宫,2789,0,多云
2025-03-13,沈阳故宫,3088,0,中雨
2025-03-14,沈阳故宫,967,0,阴
2025-03-15,沈阳故宫,3699,0,多云
2025-03-16,沈阳故宫,2568,0,阴
2025-03-17,沈阳故宫,3027,0,阴
2025-03-18,沈阳故宫,4481,0,阴
2025-03-19,沈阳故宫,1358,0,小雨
2025-03-20,沈阳故宫,3280,0,阴
2025-03-21,沈阳故宫,2295,0,多云
2025-03-22,沈阳故宫,4392,0,小雨
2025-03-23,沈阳故宫,2475,0,中雨
2025-03-24,沈阳故宫,2119,0,小雨
2025-03-25,沈阳故宫,2480,0,多云
2025-03-26,沈阳故宫,779,0,多云
2025-03-27,沈阳故宫,3036,0,小雨
2025-03-28,沈阳故宫,3311,0,多云
2025-03-29,沈阳故宫,1059,0,晴
2025-03-30,沈阳故宫,1542,0,中雨
2025-03-31,沈阳故宫,4016,0,小雨
2025-04-01,沈阳故宫,4620,0,中雨
2025-04-02,沈阳故宫,4226,0,小雨
2025-04-03,沈阳故宫,3063,0,小雨
2025-04-04,沈阳故宫,1109,0,多云
2025-04-05,沈阳故宫,2290,0,中雨
2025-04-06,沈阳故宫,807,0,中雨
2025-04-07,沈阳故宫,3162,0,阴
2025-04-08,沈阳故宫,2150,0,阴
2025-04-09,沈阳故宫,3610,0,阴
2025-04-10,沈阳故宫,2784,0,小雨
2025-04-11,沈阳故宫,834,0,中雨
2025-04-12,沈阳故宫,7120,0,晴
2025-04-13,沈阳故宫,4285,0,晴
2025-04-14,沈阳故宫,4365,0,多云
2025-04-15,沈阳故宫,3522,0,中雨
2025-04-16,沈阳故宫,1578,0,多云
2025-04-17,沈阳故宫,3423,0,阴
2025-04-18,沈阳故宫,1394,0,小雨
2025-04-19,沈阳故宫,6324,0,中雨
2025-04-20,沈阳故宫,4144,0,晴
2025-04-21,沈阳故宫,1398,0,中雨
2025-04-22,沈阳故宫,1526,0,晴
2025-04-23,沈阳故宫,3568,0,晴
2025-04-24,沈阳故宫,2969,0,阴
2025-04-25,沈阳故宫,1679,0,晴
2025-04-26,沈阳故宫,5067,0,多云
2025-04-27,沈阳故宫,4407,0,小雨
2025-04-28,沈阳故宫,1786,0,多云
2025-04-29,沈阳故宫,4615,0,晴
2025-04-30,沈阳故宫,1120,0,晴
2025-05-01,沈阳故宫,5506,1,多云
2025-05-02,沈阳故宫,7018,1,多云
2025-05-03,沈阳故宫,12525,1,中雨
2025-05-04,沈阳故宫,9774,1,小雨
2025-05-05,沈阳故宫,7034,1,多云
2025-05-06,沈阳故宫,3084,1,阴
2025-05-07,沈阳故宫,4912,1,晴
2025-05-08,沈阳故宫,1312,0,晴
2025-05-09,沈阳故宫,3630,0,小雨
2025-05-10,沈阳故宫,5976,0,阴
2025-05-11,沈阳故宫,6184,0,小雨
2025-05-12,沈阳故宫,1723,0,小雨
2025-05-13,沈阳故宫,4771,0,晴
2025-05-14,沈阳故宫,868,0,晴
2025-05-15,沈阳故宫,2979,0,小雨
2025-05-16,沈阳故宫,4827,0,中雨
2025-05-17,沈阳故宫,4927,0,晴
2025-05-18,沈阳故宫,6861,0,多云
2025-05-19,沈阳故宫,4699,0,中雨
2025-05-20,沈阳故宫,2134,0,中雨
2025-05-21,沈阳故宫,1791,0,晴
2025-05-22,沈阳故宫,4593,0,阴
2025-05-23,沈阳故宫,1050,0,小雨
2025-05-24,沈阳故宫,5854,0,中雨
2025-05-25,沈阳故宫,5968,0,多云
2025-05-26,沈阳故宫,2658,0,阴
2025-05-27,沈阳故宫,2144,0,多云
2025-05-28,沈阳故宫,2910,0,阴
2025-05-29,沈阳故宫,4837,0,晴
2025-05-30,沈阳故宫,4020,0,小雨
2025-05-31,沈阳故宫,3774,0,多云
2025-06-01,沈阳故宫,5754,0,中雨
2025-06-02,沈阳故宫,1798,0,中雨
2025-06-03,沈阳故宫,1909,0,中雨
2025-06-04,沈阳故宫,3308,0,中雨
2025-06-05,沈阳故宫,1435,0,中雨
2025-06-06,沈阳故宫,2588,0,中雨
2025-06-07,沈阳故宫,6421,0,多云
2025-06-08,沈阳故宫,2400,0,晴
2025-06-09,沈阳故宫,1689,0,小雨
2025-06-10,沈阳故宫,4588,0,小雨
2025-06-11,沈阳故宫,3015,0,小雨
2025-06-12,沈阳故宫,3151,0,小雨
2025-06-13,沈阳故宫,931,0,阴
2025-06-14,沈阳故宫,4782,0,小雨
2025-06-15,沈阳故宫,3063,0,多云
2025-06-16,沈阳故宫,2322,0,小雨
2025-06-17,沈阳故宫,4631,0,晴
2025-06-18,沈阳故宫,4831,0,晴
2025-06-19,沈阳故宫,2034,0,中雨
2025-06-20,沈阳故宫,2415,0,阴
2025-06-21,沈阳故宫,1747,0,多云
2025-06-22,沈阳故宫,1845,0,晴
2025-06-23,沈阳故宫,2100,0,多云
2025-06-24,沈阳故宫,1394,0,小雨
2025-06-25,沈阳故宫,2328,0,中雨
2025-06-26,沈阳故宫,2079,0,小雨
2025-06-27,沈阳故宫,2368,0,晴
2025-06-28,沈阳故宫,978,0,晴
2025-06-29,沈阳故宫,2808,0,多云
2025-06-30,沈阳故宫,818,0,晴
2025-07-01,沈阳故宫,1408,0,阴
2025-07-02,沈阳故宫,1620,0,多云
2025-07-03,沈阳故宫,4227,0,晴
2025-07-04,沈阳故宫,3254,0,晴
2025-07-05,沈阳故宫,6753,0,多云
2025-07-06,沈阳故宫,3736,0,小雨
2025-07-07,沈阳故宫,3496,0,晴
2025-07-08,沈阳故宫,532,0,多云
2025-07-09,沈阳故宫,3900,0,多云
2025-07-10,沈阳故宫,3692,0,晴
2025-07-11,沈阳故宫,4930,0,阴
2025-07-12,沈阳故宫,3804,0,晴
2025-07-13,沈阳故宫,1375,0,小雨
2025-07-14,沈阳故宫,4987,0,阴
2025-07-15,沈阳故宫,1956,0,阴
2025-07-16,沈阳故宫,3843,0,多云
2025-07-17,沈阳故宫,4655,0,多云
2025-07-18,沈阳故宫,4992,0,多云
2025-07-19,沈阳故宫,3810,0,晴
2025-07-20,沈阳故宫,3048,0,多云
2025-07-21,沈阳故宫,3347,0,多云
2025-07-22,沈阳故宫,3791,0,中雨
2025-07-23,沈阳故宫,2841,0,小雨
2025-07-24,沈阳故宫,1921,0,小雨
2025-07-25,沈阳故宫,3183,0,中雨
2025-07-26,沈阳故宫,1989,0,中雨
2025-07-27,沈阳故宫,5562,0,多云
2025-07-28,沈阳故宫,1104,0,多云
2025-07-29,沈阳故宫,4232,0,阴
2025-07-30,沈阳故宫,1079,0,阴
2025-07-31,沈阳故宫,2776,0,中雨
2025-08-01,沈阳故宫,1990,0,中雨
2025-08-02,沈阳故宫,4539,0,晴
2025-08-03,沈阳故宫,5904,0,多云
2025-08-04,沈阳故宫,1754,0,阴
2025-08-05,沈阳故宫,4363,0,多云
2025-08-06,沈阳故宫,1284,0,中雨
2025-08-07,沈阳故宫,2122,0,多云
2025-08-08,沈阳故宫,3923,0,小雨
2025-08-09,沈阳故宫,1206,0,中雨
2025-08-10,沈阳故宫,7186,0,阴
2025-08-11,沈阳故宫,556,0,多云
2025-08-12,沈阳故宫,3615,0,小雨
2025-08-13,沈阳故宫,2441,0,晴
2025-08-14,沈阳故宫,2659,0,小雨
2025-08-15,沈阳故宫,1251,0,中雨
2025-08-16,沈阳故宫,6802,0,晴
2025-08-17,沈阳故宫,2749,0,小雨
2025-08-18,沈阳故宫,4305,0,阴
2025-08-19,沈阳故宫,1138,0,中雨
2025-08-20,沈阳故宫,1930,0,中雨
2025-08-21,沈阳故宫,3012,0,晴
2025-08-22,沈阳故宫,1298,0,小雨
2025-08-23,沈阳故宫,5956,0,多云
2025-08-24,沈阳故宫,5733,0,多云
2025-08-25,沈阳故宫,3133,0,晴
2025-08-26,沈阳故宫,1648,0,小雨
2025-08-27,沈阳故宫,1860,0,中雨
2025-08-28,沈阳故宫,4288,0,阴
2025-08-29,沈阳故宫,4563,0,多云
2025-08-30,沈阳故宫,867,0,中雨
2025-08-31,沈阳故宫,5188,0,晴
2025-09-01,沈阳故宫,3143,0,晴
2025-09-02,沈阳故宫,3591,0,阴
2025-09-03,沈阳故宫,1150,0,阴
2025-09-04,沈阳故宫,1318,0,小雨
2025-09-05,沈阳故宫,1786,0,小雨
2025-09-06,沈阳故宫,7021,0,阴
2025-09-07,沈阳故宫,2773,0,晴
2025-09-08,沈阳故宫,4336,0,中雨
2025-09-09,沈阳故宫,2277,0,小雨
2025-09-10,沈阳故宫,4616,0,小雨
2025-09-11,沈阳故宫,890,0,中雨
2025-09-12,沈阳故宫,4126,0,阴
2025-09-13,沈阳故宫,3789,0,小雨
2025-09-14,沈阳故宫,6400,0,多云
2025-09-15,沈阳故宫,1488,0,多云
2025-09-16,沈阳故宫,3601,0,多云
2025-09-17,沈阳故宫,2826,0,阴
2025-09-18,沈阳故宫,2370,0,小雨
2025-09-19,沈阳故宫,4175,0,小雨
2025-09-20,沈阳故宫,1726,0,小雨
2025-09-21,沈阳故宫,2920,0,阴
2025-09-22,沈阳故宫,3121,0,小雨
2025-09-23,沈阳故宫,2179,0,晴
2025-09-24,沈阳故宫,645,0,多云
2025-09-25,沈阳故宫,2358,0,晴
2025-09-26,沈阳故宫,2511,0,阴
2025-09-27,沈阳故宫,4677,0,晴
2025-09-28,沈阳故宫,4653,0,小雨
2025-09-29,沈阳故宫,2416,0,中雨
2025-09-30,沈阳故宫,2646,0,多云
2025-10-01,沈阳故宫,4302,1,晴
2025-10-02,沈阳故宫,1208,1,多云
2025-10-03,沈阳故宫,1400,1,中雨
2025-10-04,沈阳故宫,8982,1,中雨
2025-10-05,沈阳故宫,3354,1,小雨
2025-10-06,沈阳故宫,2916,1,阴
2025-10-07,沈阳故宫,4274,1,多云
2025-10-08,沈阳故宫,2649,0,多云
2025-10-09,沈阳故宫,2237,0,小雨
2025-10-10,沈阳故宫,2303,0,中雨
2025-10-11,沈阳故宫,1800,0,晴
2025-10-12,沈阳故宫,1353,0,中雨
2025-10-13,沈阳故宫,1027,0,阴
2025-10-14,沈阳故宫,3678,0,晴
2025-10-15,沈阳故宫,4993,0,小雨
2025-10-16,沈阳故宫,4315,0,中雨
2025-10-17,沈阳故宫,569,0,中雨
2025-10-18,沈阳故宫,4798,0,多云
2025-10-19,沈阳故宫,2026,0,小雨
2025-10-20,沈阳故宫,2140,0,中雨
2025-10-21,沈阳故宫,3429,0,阴
2025-10-22,沈阳故宫,3901,0,小雨
2025-10-23,沈阳故宫,1017,0,阴
2025-10-24,沈阳故宫,1420,0,多云
2025-10-25,沈阳故宫,2088,0,小雨
2025-10-26,沈阳故宫,4581,0,多云
2025-10-27,沈阳故宫,2704,0,小雨
2025-10-28,沈阳故宫,1821,0,晴
2025-10-29,沈阳故宫,3933,0,多云
2025-10-30,沈阳故宫,3140,0,小雨
2025-10-31,沈阳故宫,3053,0,多云
2025-11-01,沈阳故宫,750,0,中雨
2025-11-02,沈阳故宫,2872,0,多云
2025-11-03,沈阳故宫,2106,0,晴
2025-11-04,沈阳故宫,3086,0,中雨
2025-11-05,沈阳故宫,1585,0,晴
2025-11-06,沈阳故宫,3506,0,中雨
2025-11-07,沈阳故宫,2345,0,阴
2025-11-08,沈阳故宫,3427,0,晴
2025-11-09,沈阳故宫,1032,0,阴
2025-11-10,沈阳故宫,1685,0,中雨
2025-11-11,沈阳故宫,3819,0,晴
2025-11-12,沈阳故宫,4032,0,阴
2025-11-13,沈阳故宫,3797,0,中雨
2025-11-14,沈阳故宫,4266,0,晴
2025-11-15,沈阳故宫,3513,0,晴
2025-11-16,沈阳故宫,1681,0,多云
2025-11-17,沈阳故宫,2634,0,阴
2025-11-18,沈阳故宫,3130,0,阴
2025-11-19,沈阳故宫,2591,0,小雨
2025-11-20,沈阳故宫,2694,0,小雨
2025-11-21,沈阳故宫,3399,0,中雨
2025-11-22,沈阳故宫,2941,0,多云
2025-11-23,沈阳故宫,6298,0,中雨
2025-11-24,沈阳故宫,2813,0,晴
2025-11-25,沈阳故宫,3721,0,小雨
2025-11-26,沈阳故宫,3624,0,晴
2025-11-27,沈阳故宫,3620,0,中雨
2025-11-28,沈阳故宫,1515,0,多云
2025-11-29,沈阳故宫,5644,0,多云
2025-11-30,沈阳故宫,3223,0,多云
2025-12-01,沈阳故宫,3731,0,阴
2025-12-02,沈阳故宫,4570,0,小雨
2025-12-03,沈阳故宫,3204,0,阴
2025-12-04,沈阳故宫,4119,0,阴
2025-12-05,沈阳故宫,2658,0,多云
2025-12-06,沈阳故宫,1992,0,多云
2025-12-07,沈阳故宫,5044,0,晴
2025-12-08,沈阳故宫,1078,0,晴
2025-12-09,沈阳故宫,2683,0,阴
2025-12-10,沈阳故宫,782,0,多云
2025-12-11,沈阳故宫,4945,0,小雨
2025-12-12,沈阳故宫,4701,0,晴
2025-12-13,沈阳故宫,6685,0,中雨
2025-12-14,沈阳故宫,7176,0,中雨
2025-12-15,沈阳故宫,916,0,小雨
2025-12-16,沈阳故宫,4945,0,多云
2025-12-17,沈阳故宫,1225,0,晴
2025-12-18,沈阳故宫,1431,0,阴
2025-12-19,沈阳故宫,2128,0,多云
2025-12-20,沈阳故宫,2827,0,中雨
2025-12-21,沈阳故宫,5196,0,晴
2025-12-22,沈阳故宫,3235,0,多云
2025-12-23,沈阳故宫,5000,0,小雨
2025-12-24,沈阳故宫,1167,0,中雨
2025-12-25,沈阳故宫,2470,0,多云
2024-12-26,大连老虎滩海洋公园,1095,0,多云
2024-12-27,大连老虎滩海洋公园,1779,0,阴
2024-12-28,大连老虎滩海洋公园,3198,0,多云
2024-12-29,大连老虎滩海洋公园,7143,0,中雨
2024-12-30,大连老虎滩海洋公园,3678,0,晴
2024-12-31,大连老虎滩海洋公园,3126,0,中雨
2025-01-01,大连老虎滩海洋公园,9706,1,阴
2025-01-02,大连老虎滩海洋公园,4318,1,多云
2025-01-03,大连老虎滩海洋公园,2648,1,多云
2025-01-04,大连老虎滩海洋公园,5448,1,阴
2025-01-05,大连老虎滩海洋公园,14682,1,小雨
2025-01-06,大连老虎滩海洋公园,1776,1,晴
2025-01-07,大连老虎滩海洋公园,2226,1,小雨
2025-01-08,大连老虎滩海洋公园,4484,0,阴
2025-01-09,大连老虎滩海洋公园,3976,0,晴
2025-01-10,大连老虎滩海洋公园,915,0,多云
2025-01-11,大连老虎滩海洋公园,4512,0,中雨
2025-01-12,大连老虎滩海洋公园,1212,0,阴
2025-01-13,大连老虎滩海洋公园,825,0,多云
2025-01-14,大连老虎滩海洋公园,1729,0,晴
2025-01-15,大连老虎滩海洋公园,1548,0,中雨
2025-01-16,大连老虎滩海洋公园,4481,0,晴
2025-01-17,大连老虎滩海洋公园,2864,0,多云
2025-01-18,大连老虎滩海洋公园,2545,0,多云
2025-01-19,大连老虎滩海洋公园,2424,0,晴
2025-01-20,大连老虎滩海洋公园,3509,0,多云
2025-01-21,大连老虎滩海洋公园,2601,0,多云
2025-01-22,大连老虎滩海洋公园,722,0,阴
2025-01-23,大连老虎滩海洋公园,1801,0,小雨
2025-01-24,大连老虎滩海洋公园,2210,0,中雨
2025-01-25,大连老虎滩海洋公园,1129,0,阴
2025-01-26,大连老虎滩海洋公园,6886,0,晴
2025-01-27,大连老虎滩海洋公园,1555,0,小雨
2025-01-28,大连老虎滩海洋公园,2842,0,小雨
2025-01-29,大连老虎滩海洋公园,2734,0,晴
2025-01-30,大连老虎滩海洋公园,3190,0,阴
2025-01-31,大连老虎滩海洋公园,4028,0,多云
2025-02-01,大连老虎滩海洋公园,5967,1,阴
2025-02-02,大连老虎滩海洋公园,1608,1,小雨
2025-02-03,大连老虎滩海洋公园,3784,1,晴
2025-02-04,大连老虎滩海洋公园,1694,1,中雨
2025-02-05,大连老虎滩海洋公园,9282,1,中雨
2025-02-06,大连老虎滩海洋公园,5896,1,阴
2025-02-07,大连老虎滩海洋公园,5472,1,晴
2025-02-08,大连老虎滩海洋公园,6826,0,多云
2025-02-09,大连老虎滩海洋公园,7470,0,多云
2025-02-10,大连老虎滩海洋公园,1970,0,小雨
2025-02-11,大连老虎滩海洋公园,4672,0,多云
2025-02-12,大连老虎滩海洋公园,3450,0,中雨
2025-02-13,大连老虎滩海洋公园,2054,0,晴
2025-02-14,大连老虎滩海洋公园,4244,0,小雨
2025-02-15,大连老虎滩海洋公园,1150,0,多云
2025-02-16,大连老虎滩海洋公园,2548,0,晴
2025-02-17,大连老虎滩海洋公园,3363,0,阴
2025-02-18,大连老虎滩海洋公园,2052,0,多云
2025-02-19,大连老虎滩海洋公园,4593,0,多云
2025-02-20,大连老虎滩海洋公园,2248,0,小雨
2025-02-21,大连老虎滩海洋公园,3209,0,晴
2025-02-22,大连老虎滩海洋公园,4125,0,晴
2025-02-23,大连老虎滩海洋公园,4926,0,中雨
2025-02-24,大连老虎滩海洋公园,1677,0,多云
2025-02-25,大连老虎滩海洋公园,3311,0,阴
2025-02-26,大连老虎滩海洋公园,3114,0,多云
2025-02-27,大连老虎滩海洋公园,4952,0,中雨
2025-02-28,大连老虎滩海洋公园,4831,0,多云
2025-03-01,大连老虎滩海洋公园,6949,0,中雨
2025-03-02,大连老虎滩海洋公园,4573,0,晴
2025-03-03,大连老虎滩海洋公园,2316,0,阴
2025-03-04,大连老虎滩海洋公园,2567,0,晴
2025-03-05,大连老虎滩海洋公园,3530,0,小雨
2025-03-06,大连老虎滩海洋公园,1348,0,阴
2025-03-07,大连老虎滩海洋公园,4288,0,小雨
2025-03-08,大连老虎滩海洋公园,898,0,中雨
2025-03-09,大连老虎滩海洋公园,5019,0,中雨
2025-03-10,大连老虎滩海洋公园,4382,0,阴
2025-03-11,大连老虎滩海洋公园,2334,0,阴
2025-03-12,大连老虎滩海洋公园,2398,0,中雨
2025-03-13,大连老虎滩海洋公园,2179,0,小雨
2025-03-14,大连老虎滩海洋公园,2393,0,小雨
2025-03-15,大连老虎滩海洋公园,4366,0,中雨
2025-03-16,大连老虎滩海洋公园,5226,0,小雨
2025-03-17,大连老虎滩海洋公园,3184,0,小雨
2025-03-18,大连老虎滩海洋公园,685,0,阴
2025-03-19,大连老虎滩海洋公园,4291,0,多云
2025-03-20,大连老虎滩海洋公园,1803,0,中雨
2025-03-21,大连老虎滩海洋公园,1578,0,晴
2025-03-22,大连老虎滩海洋公园,5947,0,晴
2025-03-23,大连老虎滩海洋公园,6165,0,中雨
2025-03-24,大连老虎滩海洋公园,532,0,小雨
2025-03-25,大连老虎滩海洋公园,3102,0,晴
2025-03-26,大连老虎滩海洋公园,2525,0,阴
2025-03-27,大连老虎滩海洋公园,579,0,多云
2025-03-28,大连老虎滩海洋公园,4299,0,小雨
2025-03-29,大连老虎滩海洋公园,1513,0,小雨
2025-03-30,大连老虎滩海洋公园,5643,0,中雨
2025-03-31,大连老虎滩海洋公园,804,0,多云
2025-04-01,大连老虎滩海洋公园,3539,0,小雨
2025-04-02,大连老虎滩海洋公园,929,0,多云
2025-04-03,大连老虎滩海洋公园,1488,0,中雨
2025-04-04,大连老虎滩海洋公园,3634,0,多云
2025-04-05,大连老虎滩海洋公园,2898,0,晴
2025-04-06,大连老虎滩海洋公园,2155,0,晴
2025-04-07,大连老虎滩海洋公园,4629,0,多云
2025-04-08,大连老虎滩海洋公园,2574,0,中雨
2025-04-09,大连老虎滩海洋公园,2037,0,多云
2025-04-10,大连老虎滩海洋公园,1173,0,多云
2025-04-11,大连老虎滩海洋公园,2639,0,小雨
2025-04-12,大连老虎滩海洋公园,2049,0,阴
2025-04-13,大连老虎滩海洋公园,4923,0,小雨
2025-04-14,大连老虎滩海洋公园,3857,0,中雨
2025-04-15,大连老虎滩海洋公园,2152,0,多云
2025-04-16,大连老虎滩海洋公园,3406,0,中雨
2025-04-17,大连老虎滩海洋公园,620,0,小雨
2025-04-18,大连老虎滩海洋公园,2436,0,阴
2025-04-19,大连老虎滩海洋公园,2433,0,小雨
2025-04-20,大连老虎滩海洋公园,6484,0,晴
2025-04-21,大连老虎滩海洋公园,4608,0,小雨
2025-04-22,大连老虎滩海洋公园,3741,0,中雨
2025-04-23,大连老虎滩海洋公园,3925,0,中雨
2025-04-24,大连老虎滩海洋公园,1962,0,晴
2025-04-25,大连老虎滩海洋公园,3539,0,阴
2025-04-26,大连老虎滩海洋公园,2422,0,中雨
2025-04-27,大连老虎滩海洋公园,6292,0,小雨
2025-04-28,大连老虎滩海洋公园,3373,0,晴
2025-04-29,大连老虎滩海洋公园,2737,0,多云
2025-04-30,大连老虎滩海洋公园,3841,0,多云
2025-05-01,大连老虎滩海洋公园,2336,1,晴
2025-05-02,大连老虎滩海洋公园,7066,1,晴
2025-05-03,大连老虎滩海洋公园,9021,1,中雨
2025-05-04,大连老虎滩海洋公园,14451,1,阴
2025-05-05,大连老虎滩海洋公园,7334,1,晴
2025-05-06,大连老虎滩海洋公园,9720,1,晴
2025-05-07,大连老虎滩海洋公园,4900,1,中雨
2025-05-08,大连老虎滩海洋公园,3353,0,小雨
2025-05-09,大连老虎滩海洋公园,4444,0,多云
2025-05-10,大连老虎滩海洋公园,843,0,中雨
2025-05-11,大连老虎滩海洋公园,1300,0,阴
2025-05-12,大连老虎滩海洋公园,1654,0,晴
2025-05-13,大连老虎滩海洋公园,1524,0,晴
2025-05-14,大连老虎滩海洋公园,4435,0,阴
2025-05-15,大连老虎滩海洋公园,4623,0,阴
2025-05-16,大连老虎滩海洋公园,568,0,中雨
2025-05-17,大连老虎滩海洋公园,6897,0,多云
2025-05-18,大连老虎滩海洋公园,6700,0,多云
2025-05-19,大连老虎滩海洋公园,900,0,小雨
2025-05-20,大连老虎滩海洋公园,1144,0,晴
2025-05-21,大连老虎滩海洋公园,4775,0,晴
2025-05-22,大连老虎滩海洋公园,3578,0,晴
2025-05-23,大连老虎滩海洋公园,3878,0,多云
2025-05-24,大连老虎滩海洋公园,6499,0,晴
2025-05-25,大连老虎滩海洋公园,6474,0,小雨
2025-05-26,大连老虎滩海洋公园,866,0,多云
2025-05-27,大连老虎滩海洋公园,2263,0,阴
2025-05-28,大连老虎滩海洋公园,2140,0,中雨
2025-05-29,大连老虎滩海洋公园,4996,0,中雨
2025-05-30,大连老虎滩海洋公园,4712,0,中雨
2025-05-31,大连老虎滩海洋公园,2439,0,多云
2025-06-01,大连老虎滩海洋公园,4450,0,阴
2025-06-02,大连老虎滩海洋公园,3202,0,多云
2025-06-03,大连老虎滩海洋公园,3761,0,中雨
2025-06-04,大连老虎滩海洋公园,2211,0,中雨
2025-06-05,大连老虎滩海洋公园,1384,0,小雨
2025-06-06,大连老虎滩海洋公园,1195,0,中雨
2025-06-07,大连老虎滩海洋公园,5862,0,晴
2025-06-08,大连老虎滩海洋公园,2379,0,晴
2025-06-09,大连老虎滩海洋公园,1581,0,阴
2025-06-10,大连老虎滩海洋公园,1575,0,多云
2025-06-11,大连老虎滩海洋公园,4975,0,中雨
2025-06-12,大连老虎滩海洋公园,3190,0,晴
2025-06-13,大连老虎滩海洋公园,788,0,中雨
2025-06-14,大连老虎滩海洋公园,2415,0,小雨
2025-06-15,大连老虎滩海洋公园,4234,0,多云
2025-06-16,大连老虎滩海洋公园,1600,0,中雨
2025-06-17,大连老虎滩海洋公园,2746,0,小雨
2025-06-18,大连老虎滩海洋公园,3725,0,阴
2025-06-19,大连老虎滩海洋公园,929,0,多云
2025-06-20,大连老虎滩海洋公园,1178,0,晴
2025-06-21,大连老虎滩海洋公园,1999,0,阴
2025-06-22,大连老虎滩海洋公园,1585,0,晴
2025-06-23,大连老虎滩海洋公园,3774,0,多云
2025-06-24,大连老虎滩海洋公园,1104,0,晴
2025-06-25,大连老虎滩海洋公园,3925,0,阴
2025-06-26,大连老虎滩海洋公园,2066,0,小雨
2025-06-27,大连老虎滩海洋公园,4221,0,阴
2025-06-28,大连老虎滩海洋公园,4218,0,小雨
2025-06-29,大连老虎滩海洋公园,4707,0,小雨
2025-06-30,大连老虎滩海洋公园,1109,0,小雨
2025-07-01,大连老虎滩海洋公园,2604,0,晴
2025-07-02,大连老虎滩海洋公园,2482,0,小雨
2025-07-03,大连老虎滩海洋公园,3251,0,中雨
2025-07-04,大连老虎滩海洋公园,4800,0,阴
2025-07-05,大连老虎滩海洋公园,6228,0,阴
2025-07-06,大连老虎滩海洋公园,3606,0,中雨
2025-07-07,大连老虎滩海洋公园,1539,0,多云
2025-07-08,大连老虎滩海洋公园,1002,0,多云
2025-07-09,大连老虎滩海洋公园,1828,0,多云
2025-07-10,大连老虎滩海洋公园,1698,0,小雨
2025-07-11,大连老虎滩海洋公园,1426,0,晴
2025-07-12,大连老虎滩海洋公园,4528,0,小雨
2025-07-13,大连老虎滩海洋公园,3888,0,中雨
2025-07-14,大连老虎滩海洋公园,2478,0,多云
2025-07-15,大连老虎滩海洋公园,3527,0,晴
2025-07-16,大连老虎滩海洋公园,3418,0,多云
2025-07-17,大连老虎滩海洋公园,4385,0,多云
2025-07-18,大连老虎滩海洋公园,3552,0,多云
2025-07-19,大连老虎滩海洋公园,6819,0,阴
2025-07-20,大连老虎滩海洋公园,4696,0,小雨
2025-07-21,大连老虎滩海洋公园,504,0,晴
2025-07-22,大连老虎滩海洋公园,4133,0,多云
2025-07-23,大连老虎滩海洋公园,3110,0,晴
2025-07-24,大连老虎滩海洋公园,4482,0,阴
2025-07-25,大连老虎滩海洋公园,4835,0,阴
2025-07-26,大连老虎滩海洋公园,2385,0,多云
2025-07-27,大连老虎滩海洋公园,3327,0,多云
2025-07-28,大连老虎滩海洋公园,2084,0,小雨
2025-07-29,大连老虎滩海洋公园,803,0,晴
2025-07-30,大连老虎滩海洋公园,3219,0,小雨
2025-07-31,大连老虎滩海洋公园,1233,0,阴
2025-08-01,大连老虎滩海洋公园,560,0,晴
2025-08-02,大连老虎滩海洋公园,6358,0,中雨
2025-08-03,大连老虎滩海洋公园,1765,0,小雨
2025-08-04,大连老虎滩海洋公园,822,0,多云
2025-08-05,大连老虎滩海洋公园,2541,0,晴
2025-08-06,大连老虎滩海洋公园,3443,0,阴
2025-08-07,大连老虎滩海洋公园,3918,0,阴
2025-08-08,大连老虎滩海洋公园,3511,0,晴
2025-08-09,大连老虎滩海洋公园,4599,0,多云
2025-08-10,大连老虎滩海洋公园,5905,0,阴
2025-08-11,大连老虎滩海洋公园,1300,0,多云
2025-08-12,大连老虎滩海洋公园,4561,0,小雨
2025-08-13,大连老虎滩海洋公园,1913,0,小雨
2025-08-14,大连老虎滩海洋公园,4072,0,多云
2025-08-15,大连老虎滩海洋公园,4407,0,中雨
2025-08-16,大连老虎滩海洋公园,4996,0,晴
2025-08-17,大连老虎滩海洋公园,6990,0,阴
2025-08-18,大连老虎滩海洋公园,3622,0,小雨
2025-08-19,大连老虎滩海洋公园,1866,0,晴
2025-08-20,大连老虎滩海洋公园,1306,0,阴
2025-08-21,大连老虎滩海洋公园,2346,0,中雨
2025-08-22,大连老虎滩海洋公园,4127,0,阴
2025-08-23,大连老虎滩海洋公园,3679,0,中雨
2025-08-24,大连老虎滩海洋公园,1780,0,多云
2025-08-25,大连老虎滩海洋公园,3291,0,中雨
2025-08-26,大连老虎滩海洋公园,4313,0,晴
2025-08-27,大连老虎滩海洋公园,4166,0,多云
2025-08-28,大连老虎滩海洋公园,1774,0,晴
2025-08-29,大连老虎滩海洋公园,2534,0,阴
2025-08-30,大连老虎滩海洋公园,1138,0,晴
2025-08-31,大连老虎滩海洋公园,3313,0,中雨
2025-09-01,大连老虎滩海洋公园,575,0,中雨
2025-09-02,大连老虎滩海洋公园,1233,0,中雨
2025-09-03,大连老虎滩海洋公园,3113,0,阴
2025-09-04,大连老虎滩海洋公园,2376,0,晴
2025-09-05,大连老虎滩海洋公园,1407,0,晴
2025-09-06,大连老虎滩海洋公园,1101,0,阴
2025-09-07,大连老虎滩海洋公园,5067,0,中雨
2025-09-08,大连老虎滩海洋公园,3938,0,多云
2025-09-09,大连老虎滩海洋公园,1449,0,中雨
2025-09-10,大连老虎滩海洋公园,1077,0,小雨
2025-09-11,大连老虎滩海洋公园,3670,0,阴
2025-09-12,大连老虎滩海洋公园,630,0,中雨
2025-09-13,大连老虎滩海洋公园,2580,0,小雨
2025-09-14,大连老虎滩海洋公园,2574,0,晴
2025-09-15,大连老虎滩海洋公园,1864,0,中雨
2025-09-16,大连老虎滩海洋公园,610,0,中雨
2025-09-17,大连老虎滩海洋公园,3315,0,中雨
2025-09-18,大连老虎滩海洋公园,1586,0,小雨
2025-09-19,大连老虎滩海洋公园,4762,0,小雨
2025-09-20,大连老虎滩海洋公园,7176,0,中雨
2025-09-21,大连老虎滩海洋公园,3424,0,中雨
2025-09-22,大连老虎滩海洋公园,2692,0,小雨
2025-09-23,大连老虎滩海洋公园,1450,0,中雨
2025-09-24,大连老虎滩海洋公园,1003,0,中雨
2025-09-25,大连老虎滩海洋公园,1636,0,阴
2025-09-26,大连老虎滩海洋公园,4280,0,小雨
2025-09-27,大连老虎滩海洋公园,1654,0,中雨
2025-09-28,大连老虎滩海洋公园,4726,0,小雨
2025-09-29,大连老虎滩海洋公园,4603,0,多云
2025-09-30,大连老虎滩海洋公园,3659,0,阴
2025-10-01,大连老虎滩海洋公园,3416,1,多云
2025-10-02,大连老虎滩海洋公园,8426,1,小雨
2025-10-03,大连老虎滩海洋公园,4568,1,阴
2025-10-04,大连老虎滩海洋公园,11541,1,小雨
2025-10-05,大连老虎滩海洋公园,5361,1,小雨
2025-10-06,大连老虎滩海洋公园,8762,1,多云
2025-10-07,大连老虎滩海洋公园,3302,1,中雨
2025-10-08,大连老虎滩海洋公园,1435,0,多云
2025-10-09,大连老虎滩海洋公园,3022,0,多云
2025-10-10,大连老虎滩海洋公园,1444,0,多云
2025-10-11,大连老虎滩海洋公园,5697,0,阴
2025-10-12,大连老虎滩海洋公园,5545,0,多云
2025-10-13,大连老虎滩海洋公园,1459,0,中雨
2025-10-14,大连老虎滩海洋公园,1577,0,晴
2025-10-15,大连老虎滩海洋公园,2085,0,多云
2025-10-16,大连老虎滩海洋公园,3873,0,多云
2025-10-17,大连老虎滩海洋公园,3994,0,小雨
2025-10-18,大连老虎滩海洋公园,6712,0,阴
2025-10-19,大连老虎滩海洋公园,4920,0,晴
2025-10-20,大连老虎滩海洋公园,3561,0,阴
2025-10-21,大连老虎滩海洋公园,3633,0,中雨
2025-10-22,大连老虎滩海洋公园,1342,0,小雨
2025-10-23,大连老虎滩海洋公园,3889,0,阴
2025-10-24,大连老虎滩海洋公园,1818,0,阴
2025-10-25,大连老虎滩海洋公园,1720,0,阴
2025-10-26,大连老虎滩海洋公园,6987,0,多云
2025-10-27,大连老虎滩海洋公园,3707,0,中雨
2025-10-28,大连老虎滩海洋公园,2453,0,小雨
2025-10-29,大连老虎滩海洋公园,3823,0,阴
2025-10-30,大连老虎滩海洋公园,3336,0,晴
2025-10-31,大连老虎滩海洋公园,1327,0,小雨
2025-11-01,大连老虎滩海洋公园,1989,0,中雨
2025-11-02,大连老虎滩海洋公园,6247,0,中雨
2025-11-03,大连老虎滩海洋公园,1491,0,多云
2025-11-04,大连老虎滩海洋公园,4849,0,晴
2025-11-05,大连老虎滩海洋公园,4594,0,多云
2025-11-06,大连老虎滩海洋公园,3175,0,晴
2025-11-07,大连老虎滩海洋公园,3907,0,多云
2025-11-08,大连老虎滩海洋公园,2305,0,小雨
2025-11-09,大连老虎滩海洋公园,2482,0,晴
2025-11-10,大连老虎滩海洋公园,4637,0,晴
2025-11-11,大连老虎滩海洋公园,3804,0,晴
2025-11-12,大连老虎滩海洋公园,601,0,阴
2025-11-13,大连老虎滩海洋公园,4075,0,阴
2025-11-14,大连老虎滩海洋公园,3373,0,多云
2025-11-15,大连老虎滩海洋公园,5736,0,多云
2025-11-16,大连老虎滩海洋公园,1450,0,晴
2025-11-17,大连老虎滩海洋公园,4944,0,晴
2025-11-18,大连老虎滩海洋公园,1023,0,晴
2025-11-19,大连老虎滩海洋公园,4138,0,阴
2025-11-20,大连老虎滩海洋公园,3457,0,中雨
2025-11-21,大连老虎滩海洋公园,2101,0,多云
2025-11-22,大连老虎滩海洋公园,5418,0,晴
2025-11-23,大连老虎滩海洋公园,3850,0,小雨
2025-11-24,大连老虎滩海洋公园,567,0,中雨
2025-11-25,大连老虎滩海洋公园,4884,0,晴
2025-11-26,大连老虎滩海洋公园,1247,0,多云
2025-11-27,大连老虎滩海洋公园,2766,0,中雨
2025-11-28,大连老虎滩海洋公园,4606,0,中雨
2025-11-29,大连老虎滩海洋公园,5572,0,中雨
2025-11-30,大连老虎滩海洋公园,5263,0,小雨
2025-12-01,大连老虎滩海洋公园,3773,0,小雨
2025-12-02,大连老虎滩海洋公园,4647,0,阴
2025-12-03,大连老虎滩海洋公园,2357,0,中雨
2025-12-04,大连老虎滩海洋公园,1074,0,晴
2025-12-05,大连老虎滩海洋公园,4928,0,中雨
2025-12-06,大连老虎滩海洋公园,1377,0,小雨
2025-12-07,大连老虎滩海洋公园,1479,0,晴
2025-12-08,大连老虎滩海洋公园,4282,0,多云
2025-12-09,大连老虎滩海洋公园,2722,0,中雨
2025-12-10,大连老虎滩海洋公园,1407,0,小雨
2025-12-11,大连老虎滩海洋公园,2502,0,晴
2025-12-12,大连老虎滩海洋公园,815,0,中雨
2025-12-13,大连老虎滩海洋公园,4062,0,中雨
2025-12-14,大连老虎滩海洋公园,4008,0,阴
2025-12-15,大连老虎滩海洋公园,3668,0,中雨
2025-12-16,大连老虎滩海洋公园,3835,0,中雨
2025-12-17,大连老虎滩海洋公园,2282,0,阴
2025-12-18,大连老虎滩海洋公园,4000,0,晴
2025-12-19,大连老虎滩海洋公园,2181,0,中雨
2025-12-20,大连老虎滩海洋公园,4720,0,晴
2025-12-21,大连老虎滩海洋公园,4455,0,多云
2025-12-22,大连老虎滩海洋公园,4203,0,小雨
2025-12-23,大连老虎滩海洋公园,1538,0,阴
2025-12-24,大连老虎滩海洋公园,4825,0,多云
2025-12-25,大连老虎滩海洋公园,2537,0,阴
2024-12-26,鞍山千山风景区,4826,0,小雨
2024-12-27,鞍山千山风景区,2717,0,中雨
2024-12-28,鞍山千山风景区,1882,0,晴
2024-12-29,鞍山千山风景区,4854,0,中雨
2024-12-30,鞍山千山风景区,4126,0,多云
2024-12-31,鞍山千山风景区,1329,0,小雨
2025-01-01,鞍山千山风景区,5448,1,小雨
2025-01-02,鞍山千山风景区,7690,1,阴
2025-01-03,鞍山千山风景区,7292,1,晴
2025-01-04,鞍山千山风景区,3078,1,晴
2025-01-05,鞍山千山风景区,4392,1,阴
2025-01-06,鞍山千山风景区,5860,1,中雨
2025-01-07,鞍山千山风景区,3566,1,中雨
2025-01-08,鞍山千山风景区,1466,0,小雨
2025-01-09,鞍山千山风景区,1900,0,中雨
2025-01-10,鞍山千山风景区,2537,0,阴
2025-01-11,鞍山千山风景区,3729,0,阴
2025-01-12,鞍山千山风景区,1509,0,中雨
2025-01-13,鞍山千山风景区,2124,0,晴
2025-01-14,鞍山千山风景区,1296,0,阴
2025-01-15,鞍山千山风景区,2133,0,多云
2025-01-16,鞍山千山风景区,645,0,多云
2025-01-17,鞍山千山风景区,4202,0,中雨
2025-01-18,鞍山千山风景区,3217,0,中雨
2025-01-19,鞍山千山风景区,3484,0,多云
2025-01-20,鞍山千山风景区,1991,0,多云
2025-01-21,鞍山千山风景区,3588,0,小雨
2025-01-22,鞍山千山风景区,1693,0,阴
2025-01-23,鞍山千山风景区,3670,0,多云
2025-01-24,鞍山千山风景区,747,0,中雨
2025-01-25,鞍山千山风景区,1740,0,小雨
2025-01-26,鞍山千山风景区,955,0,中雨
2025-01-27,鞍山千山风景区,4022,0,晴
2025-01-28,鞍山千山风景区,1363,0,晴
2025-01-29,鞍山千山风景区,4459,0,阴
2025-01-30,鞍山千山风景区,4480,0,阴
2025-01-31,鞍山千山风景区,4616,0,小雨
2025-02-01,鞍山千山风景区,14820,1,小雨
2025-02-02,鞍山千山风景区,13440,1,中雨
2025-02-03,鞍山千山风景区,9842,1,阴
2025-02-04,鞍山千山风景区,2152,1,多云
2025-02-05,鞍山千山风景区,9334,1,中雨
2025-02-06,鞍山千山风景区,9254,1,中雨
2025-02-07,鞍山千山风景区,6874,1,阴
2025-02-08,鞍山千山风景区,6322,0,阴
2025-02-09,鞍山千山风景区,805,0,晴
2025-02-10,鞍山千山风景区,1667,0,小雨
2025-02-11,鞍山千山风景区,4305,0,晴
2025-02-12,鞍山千山风景区,4905,0,晴
2025-02-13,鞍山千山风景区,3062,0,中雨
2025-02-14,鞍山千山风景区,1952,0,阴
2025-02-15,鞍山千山风景区,2872,0,中雨
2025-02-16,鞍山千山风景区,1900,0,阴
2025-02-17,鞍山千山风景区,3679,0,晴
2025-02-18,鞍山千山风景区,776,0,晴
2025-02-19,鞍山千山风景区,1658,0,阴
2025-02-20,鞍山千山风景区,1518,0,晴
2025-02-21,鞍山千山风景区,1988,0,小雨
2025-02-22,鞍山千山风景区,2614,0,小雨
2025-02-23,鞍山千山风景区,5775,0,多云
2025-02-24,鞍山千山风景区,1003,0,中雨
2025-02-25,鞍山千山风景区,1884,0,中雨
2025-02-26,鞍山千山风景区,1892,0,小雨
2025-02-27,鞍山千山风景区,4775,0,晴
2025-02-28,鞍山千山风景区,3623,0,多云
2025-03-01,鞍山千山风景区,6916,0,小雨
2025-03-02,鞍山千山风景区,4950,0,晴
2025-03-03,鞍山千山风景区,1502,0,晴
2025-03-04,鞍山千山风景区,1450,0,晴
2025-03-05,鞍山千山风景区,2274,0,中雨
2025-03-06,鞍山千山风景区,4197,0,阴
2025-03-07,鞍山千山风景区,544,0,阴
2025-03-08,鞍山千山风景区,5670,0,小雨
2025-03-09,鞍山千山风景区,1197,0,中雨
2025-03-10,鞍山千山风景区,1518,0,阴
2025-03-11,鞍山千山风景区,1531,0,多云
2025-03-12,鞍山千山风景区,3402,0,中雨
2025-03-13,鞍山千山风景区,3258,0,阴
2025-03-14,鞍山千山风景区,4124,0,小雨
2025-03-15,鞍山千山风景区,958,0,中雨
2025-03-16,鞍山千山风景区,5322,0,多云
2025-03-17,鞍山千山风景区,3262,0,阴
2025-03-18,鞍山千山风景区,2149,0,多云
2025-03-19,鞍山千山风景区,1292,0,中雨
2025-03-20,鞍山千山风景区,1045,0,晴
2025-03-21,鞍山千山风景区,525,0,小雨
2025-03-22,鞍山千山风景区,1663,0,晴
2025-03-23,鞍山千山风景区,6652,0,晴
2025-03-24,鞍山千山风景区,1035,0,中雨
2025-03-25,鞍山千山风景区,3110,0,中雨
2025-03-26,鞍山千山风景区,4008,0,晴
2025-03-27,鞍山千山风景区,4609,0,多云
2025-03-28,鞍山千山风景区,4147,0,小雨
2025-03-29,鞍山千山风景区,4702,0,多云
2025-03-30,鞍山千山风景区,1807,0,阴
2025-03-31,鞍山千山风景区,4072,0,小雨
2025-04-01,鞍山千山风景区,4252,0,阴
2025-04-02,鞍山千山风景区,763,0,阴
2025-04-03,鞍山千山风景区,4912,0,多云
2025-04-04,鞍山千山风景区,3018,0,小雨
2025-04-05,鞍山千山风景区,2734,0,小雨
2025-04-06,鞍山千山风景区,1428,0,小雨
2025-04-07,鞍山千山风景区,3642,0,中雨
2025-04-08,鞍山千山风景区,3268,0,中雨
2025-04-09,鞍山千山风景区,3886,0,晴
2025-04-10,鞍山千山风景区,3831,0,小雨
2025-04-11,鞍山千山风景区,2556,0,阴
2025-04-12,鞍山千山风景区,3726,0,小雨
2025-04-13,鞍山千山风景区,2908,0,阴
2025-04-14,鞍山千山风景区,1855,0,多云
2025-04-15,鞍山千山风景区,1757,0,中雨
2025-04-16,鞍山千山风景区,2229,0,小雨
2025-04-17,鞍山千山风景区,524,0,晴
2025-04-18,鞍山千山风景区,4989,0,晴
2025-04-19,鞍山千山风景区,1476,0,阴
2025-04-20,鞍山千山风景区,4917,0,小雨
2025-04-21,鞍山千山风景区,3239,0,阴
2025-04-22,鞍山千山风景区,4334,0,阴
2025-04-23,鞍山千山风景区,2280,0,中雨
2025-04-24,鞍山千山风景区,1977,0,小雨
2025-04-25,鞍山千山风景区,2309,0,晴
2025-04-26,鞍山千山风景区,1185,0,阴
2025-04-27,鞍山千山风景区,3997,0,小雨
2025-04-28,鞍山千山风景区,3393,0,多云
2025-04-29,鞍山千山风景区,4476,0,阴
2025-04-30,鞍山千山风景区,3100,0,晴
2025-05-01,鞍山千山风景区,2504,1,中雨
2025-05-02,鞍山千山风景区,3874,1,阴
2025-05-03,鞍山千山风景区,2157,1,中雨
2025-05-04,鞍山千山风景区,12000,1,晴
2025-05-05,鞍山千山风景区,9794,1,阴
2025-05-06,鞍山千山风景区,3304,1,晴
2025-05-07,鞍山千山风景区,2730,1,中雨
2025-05-08,鞍山千山风景区,4152,0,小雨
2025-05-09,鞍山千山风景区,2256,0,中雨
2025-05-10,鞍山千山风景区,5542,0,小雨
2025-05-11,鞍山千山风景区,2737,0,中雨
2025-05-12,鞍山千山风景区,4109,0,中雨
2025-05-13,鞍山千山风景区,1953,0,阴
2025-05-14,鞍山千山风景区,4777,0,多云
2025-05-15,鞍山千山风景区,3930,0,晴
2025-05-16,鞍山千山风景区,4067,0,小雨
2025-05-17,鞍山千山风景区,7290,0,晴
2025-05-18,鞍山千山风景区,5841,0,多云
2025-05-19,鞍山千山风景区,2775,0,阴
2025-05-20,鞍山千山风景区,3015,0,晴
2025-05-21,鞍山千山风景区,2070,0,小雨
2025-05-22,鞍山千山风景区,1568,0,多云
2025-05-23,鞍山千山风景区,2013,0,中雨
2025-05-24,鞍山千山风景区,5095,0,阴
2025-05-25,鞍山千山风景区,1465,0,多云
2025-05-26,鞍山千山风景区,4541,0,中雨
2025-05-27,鞍山千山风景区,874,0,中雨
2025-05-28,鞍山千山风景区,2774,0,多云
2025-05-29,鞍山千山风景区,837,0,阴
2025-05-30,鞍山千山风景区,1505,0,中雨
2025-05-31,鞍山千山风景区,4924,0,晴
2025-06-01,鞍山千山风景区,6480,0,多云
2025-06-02,鞍山千山风景区,4628,0,阴
2025-06-03,鞍山千山风景区,4170,0,阴
2025-06-04,鞍山千山风景区,4027,0,中雨
2025-06-05,鞍山千山风景区,3744,0,多云
2025-06-06,鞍山千山风景区,2332,0,多云
2025-06-07,鞍山千山风景区,5707,0,中雨
2025-06-08,鞍山千山风景区,3382,0,晴
2025-06-09,鞍山千山风景区,2525,0,晴
2025-06-10,鞍山千山风景区,4974,0,小雨
2025-06-11,鞍山千山风景区,2346,0,多云
2025-06-12,鞍山千山风景区,2289,0,多云
2025-06-13,鞍山千山风景区,4925,0,小雨
2025-06-14,鞍山千山风景区,2574,0,小雨
2025-06-15,鞍山千山风景区,5646,0,晴
2025-06-16,鞍山千山风景区,1881,0,多云
2025-06-17,鞍山千山风景区,1841,0,小雨
2025-06-18,鞍山千山风景区,560,0,阴
2025-06-19,鞍山千山风景区,2893,0,小雨
2025-06-20,鞍山千山风景区,1058,0,晴
2025-06-21,鞍山千山风景区,6532,0,小雨
2025-06-22,鞍山千山风景区,3433,0,阴
2025-06-23,鞍山千山风景区,2541,0,多云
2025-06-24,鞍山千山风景区,2065,0,晴
2025-06-25,鞍山千山风景区,4710,0,多云
2025-06-26,鞍山千山风景区,3811,0,中雨
2025-06-27,鞍山千山风景区,4661,0,晴
2025-06-28,鞍山千山风景区,2953,0,晴
2025-06-29,鞍山千山风景区,2253,0,小雨
2025-06-30,鞍山千山风景区,4193,0,中雨
2025-07-01,鞍山千山风景区,3585,0,小雨
2025-07-02,鞍山千山风景区,4689,0,晴
2025-07-03,鞍山千山风景区,4064,0,阴
2025-07-04,鞍山千山风景区,3625,0,阴
2025-07-05,鞍山千山风景区,3157,0,阴
2025-07-06,鞍山千山风景区,4965,0,阴
2025-07-07,鞍山千山风景区,4657,0,小雨
2025-07-08,鞍山千山风景区,4713,0,中雨
2025-07-09,鞍山千山风景区,4669,0,小雨
2025-07-10,鞍山千山风景区,4993,0,中雨
2025-07-11,鞍山千山风景区,1731,0,晴
2025-07-12,鞍山千山风景区,5248,0,小雨
2025-07-13,鞍山千山风景区,844,0,晴
2025-07-14,鞍山千山风景区,1008,0,小雨
2025-07-15,鞍山千山风景区,4702,0,晴
2025-07-16,鞍山千山风景区,537,0,晴
2025-07-17,鞍山千山风景区,3834,0,晴
2025-07-18,鞍山千山风景区,3616,0,晴
2025-07-19,鞍山千山风景区,6016,0,中雨
2025-07-20,鞍山千山风景区,3300,0,中雨
2025-07-21,鞍山千山风景区,2297,0,中雨
2025-07-22,鞍山千山风景区,3254,0,晴
2025-07-23,鞍山千山风景区,2888,0,晴
2025-07-24,鞍山千山风景区,3171,0,多云
2025-07-25,鞍山千山风景区,2481,0,小雨
2025-07-26,鞍山千山风景区,4027,0,小雨
2025-07-27,鞍山千山风景区,6996,0,晴
2025-07-28,鞍山千山风景区,4068,0,晴
2025-07-29,鞍山千山风景区,3526,0,晴
2025-07-30,鞍山千山风景区,1648,0,晴
2025-07-31,鞍山千山风景区,1968,0,阴
2025-08-01,鞍山千山风景区,4520,0,阴
2025-08-02,鞍山千山风景区,6586,0,中雨
2025-08-03,鞍山千山风景区,3957,0,阴
2025-08-04,鞍山千山风景区,2073,0,晴
2025-08-05,鞍山千山风景区,4795,0,小雨
2025-08-06,鞍山千山风景区,1589,0,晴
2025-08-07,鞍山千山风景区,3013,0,晴
2025-08-08,鞍山千山风景区,3327,0,中雨
2025-08-09,鞍山千山风景区,6516,0,多云
2025-08-10,鞍山千山风景区,1572,0,阴
2025-08-11,鞍山千山风景区,3085,0,多云
2025-08-12,鞍山千山风景区,1493,0,阴
2025-08-13,鞍山千山风景区,4246,0,阴
2025-08-14,鞍山千山风景区,3633,0,中雨
2025-08-15,鞍山千山风景区,4830,0,小雨
2025-08-16,鞍山千山风景区,4363,0,多云
2025-08-17,鞍山千山风景区,7461,0,多云
2025-08-18,鞍山千山风景区,673,0,晴
2025-08-19,鞍山千山风景区,3734,0,阴
2025-08-20,鞍山千山风景区,4835,0,小雨
2025-08-21,鞍山千山风景区,4548,0,小雨
2025-08-22,鞍山千山风景区,4920,0,中雨
2025-08-23,鞍山千山风景区,6340,0,小雨
2025-08-24,鞍山千山风景区,3531,0,阴
2025-08-25,鞍山千山风景区,1083,0,阴
2025-08-26,鞍山千山风景区,4943,0,阴
2025-08-27,鞍山千山风景区,1774,0,多云
2025-08-28,鞍山千山风景区,973,0,阴
2025-08-29,鞍山千山风景区,1386,0,阴
2025-08-30,鞍山千山风景区,1764,0,阴
2025-08-31,鞍山千山风景区,4132,0,小雨
2025-09-01,鞍山千山风景区,4768,0,阴
2025-09-02,鞍山千山风景区,4330,0,中雨
2025-09-03,鞍山千山风景区,3497,0,阴
2025-09-04,鞍山千山风景区,1344,0,小雨
2025-09-05,鞍山千山风景区,3242,0,小雨
2025-09-06,鞍山千山风景区,2470,0,阴
2025-09-07,鞍山千山风景区,6094,0,晴
2025-09-08,鞍山千山风景区,1466,0,阴
2025-09-09,鞍山千山风景区,3780,0,阴
2025-09-10,鞍山千山风景区,2576,0,晴
2025-09-11,鞍山千山风景区,2573,0,多云
2025-09-12,鞍山千山风景区,3036,0,多云
2025-09-13,鞍山千山风景区,6850,0,晴
2025-09-14,鞍山千山风景区,7096,0,阴
2025-09-15,鞍山千山风景区,2153,0,阴
2025-09-16,鞍山千山风景区,2436,0,小雨
2025-09-17,鞍山千山风景区,4321,0,中雨
2025-09-18,鞍山千山风景区,2716,0,晴
2025-09-19,鞍山千山风景区,1310,0,多云
2025-09-20,鞍山千山风景区,5166,0,阴
2025-09-21,鞍山千山风景区,4203,0,晴
2025-09-22,鞍山千山风景区,2094,0,晴
2025-09-23,鞍山千山风景区,4024,0,多云
2025-09-24,鞍山千山风景区,2201,0,多云
2025-09-25,鞍山千山风景区,1217,0,阴
2025-09-26,鞍山千山风景区,1432,0,晴
2025-09-27,鞍山千山风景区,4192,0,阴
2025-09-28,鞍山千山风景区,5172,0,中雨
2025-09-29,鞍山千山风景区,3891,0,多云
2025-09-30,鞍山千山风景区,1456,0,阴
2025-10-01,鞍山千山风景区,2544,1,中雨
2025-10-02,鞍山千山风景区,4732,1,晴
2025-10-03,鞍山千山风景区,7636,1,阴
2025-10-04,鞍山千山风景区,2430,1,多云
2025-10-05,鞍山千山风景区,6159,1,晴
2025-10-06,鞍山千山风景区,1828,1,阴
2025-10-07,鞍山千山风景区,7306,1,阴
2025-10-08,鞍山千山风景区,2931,0,小雨
2025-10-09,鞍山千山风景区,2593,0,小雨
2025-10-10,鞍山千山风景区,1787,0,小雨
2025-10-11,鞍山千山风景区,6268,0,小雨
2025-10-12,鞍山千山风景区,7291,0,中雨
2025-10-13,鞍山千山风景区,4755,0,多云
2025-10-14,鞍山千山风景区,1519,0,中雨
2025-10-15,鞍山千山风景区,1609,0,中雨
2025-10-16,鞍山千山风景区,3789,0,晴
2025-10-17,鞍山千山风景区,3215,0,中雨
2025-10-18,鞍山千山风景区,6781,0,阴
2025-10-19,鞍山千山风景区,2263,0,晴
2025-10-20,鞍山千山风景区,1530,0,晴
2025-10-21,鞍山千山风景区,1800,0,多云
2025-10-22,鞍山千山风景区,4639,0,阴
2025-10-23,鞍山千山风景区,1962,0,中雨
2025-10-24,鞍山千山风景区,2246,0,多云
2025-10-25,鞍山千山风景区,877,0,中雨
2025-10-26,鞍山千山风景区,786,0,多云
2025-10-27,鞍山千山风景区,665,0,阴
2025-10-28,鞍山千山风景区,4729,0,晴
2025-10-29,鞍山千山风景区,1550,0,中雨
2025-10-30,鞍山千山风景区,2245,0,中雨
2025-10-31,鞍山千山风景区,3199,0,中雨
2025-11-01,鞍山千山风景区,3424,0,中雨
2025-11-02,鞍山千山风景区,3121,0,多云
2025-11-03,鞍山千山风景区,2836,0,中雨
2025-11-04,鞍山千山风景区,600,0,中雨
2025-11-05,鞍山千山风景区,4816,0,多云
2025-11-06,鞍山千山风景区,4177,0,多云
2025-11-07,鞍山千山风景区,3984,0,小雨
2025-11-08,鞍山千山风景区,5340,0,阴
2025-11-09,鞍山千山风景区,2265,0,中雨
2025-11-10,鞍山千山风景区,1825,0,中雨
2025-11-11,鞍山千山风景区,1796,0,多云
2025-11-12,鞍山千山风景区,2728,0,小雨
2025-11-13,鞍山千山风景区,568,0,阴
2025-11-14,鞍山千山风景区,3251,0,阴
2025-11-15,鞍山千山风景区,4020,0,晴
2025-11-16,鞍山千山风景区,5250,0,多云
2025-11-17,鞍山千山风景区,4203,0,阴
2025-11-18,鞍山千山风景区,3870,0,多云
2025-11-19,鞍山千山风景区,4257,0,晴
2025-11-20,鞍山千山风景区,761,0,中雨
2025-11-21,鞍山千山风景区,2442,0,晴
2025-11-22,鞍山千山风景区,7126,0,小雨
2025-11-23,鞍山千山风景区,4077,0,阴
2025-11-24,鞍山千山风景区,843,0,多云
2025-11-25,鞍山千山风景区,1920,0,阴
2025-11-26,鞍山千山风景区,1707,0,小雨
2025-11-27,鞍山千山风景区,2072,0,多云
2025-11-28,鞍山千山风景区,3919,0,多云
2025-11-29,鞍山千山风景区,4467,0,中雨
2025-11-30,鞍山千山风景区,2737,0,小雨
2025-12-01,鞍山千山风景区,1856,0,中雨
2025-12-02,鞍山千山风景区,3051,0,中雨
2025-12-03,鞍山千山风景区,4938,0,阴
2025-12-04,鞍山千山风景区,1807,0,晴
2025-12-05,鞍山千山风景区,1446,0,中雨
2025-12-06,鞍山千山风景区,7018,0,中雨
2025-12-07,鞍山千山风景区,7201,0,小雨
2025-12-08,鞍山千山风景区,1489,0,晴
2025-12-09,鞍山千山风景区,3421,0,晴
2025-12-10,鞍山千山风景区,3169,0,阴
2025-12-11,鞍山千山风景区,2758,0,阴
2025-12-12,鞍山千山风景区,3938,0,中雨
2025-12-13,鞍山千山风景区,3637,0,阴
2025-12-14,鞍山千山风景区,6211,0,晴
2025-12-15,鞍山千山风景区,2731,0,多云
2025-12-16,鞍山千山风景区,600,0,晴
2025-12-17,鞍山千山风景区,2339,0,晴
2025-12-18,鞍山千山风景区,3586,0,小雨
2025-12-19,鞍山千山风景区,1331,0,小雨
2025-12-20,鞍山千山风景区,3103,0,晴
2025-12-21,鞍山千山风景区,5070,0,中雨
2025-12-22,鞍山千山风景区,4041,0,阴
2025-12-23,鞍山千山风景区,1998,0,晴
2025-12-24,鞍山千山风景区,3039,0,中雨
2025-12-25,鞍山千山风景区,2448,0,小雨
2024-12-26,本溪关门山国家森林公园,3743,0,阴
2024-12-27,本溪关门山国家森林公园,2045,0,多云
2024-12-28,本溪关门山国家森林公园,5346,0,晴
2024-12-29,本溪关门山国家森林公园,6781,0,晴
2024-12-30,本溪关门山国家森林公园,1462,0,晴
2024-12-31,本溪关门山国家森林公园,1841,0,多云
2025-01-01,本溪关门山国家森林公园,1734,1,阴
2025-01-02,本溪关门山国家森林公园,5292,1,多云
2025-01-03,本溪关门山国家森林公园,9298,1,阴
2025-01-04,本溪关门山国家森林公园,6624,1,中雨
2025-01-05,本溪关门山国家森林公园,11085,1,晴
2025-01-06,本溪关门山国家森林公园,6824,1,中雨
2025-01-07,本溪关门山国家森林公园,4970,1,小雨
2025-01-08,本溪关门山国家森林公园,4565,0,多云
2025-01-09,本溪关门山国家森林公园,2227,0,中雨
2025-01-10,本溪关门山国家森林公园,2608,0,中雨
2025-01-11,本溪关门山国家森林公园,1509,0,中雨
2025-01-12,本溪关门山国家森林公园,6265,0,多云
2025-01-13,本溪关门山国家森林公园,2011,0,小雨
2025-01-14,本溪关门山国家森林公园,3124,0,中雨
2025-01-15,本溪关门山国家森林公园,3298,0,阴
2025-01-16,本溪关门山国家森林公园,1890,0,中雨
2025-01-17,本溪关门山国家森林公园,4177,0,中雨
2025-01-18,本溪关门山国家森林公园,3160,0,阴
2025-01-19,本溪关门山国家森林公园,5370,0,小雨
2025-01-20,本溪关门山国家森林公园,743,0,晴
2025-01-21,本溪关门山国家森林公园,3116,0,中雨
2025-01-22,本溪关门山国家森林公园,1406,0,阴
2025-01-23,本溪关门山国家森林公园,2332,0,小雨
2025-01-24,本溪关门山国家森林公园,577,0,晴
2025-01-25,本溪关门山国家森林公园,1119,0,中雨
2025-01-26,本溪关门山国家森林公园,2850,0,阴
2025-01-27,本溪关门山国家森林公园,4673,0,多云
2025-01-28,本溪关门山国家森林公园,2320,0,中雨
2025-01-29,本溪关门山国家森林公园,1666,0,中雨
2025-01-30,本溪关门山国家森林公园,2438,0,阴
2025-01-31,本溪关门山国家森林公园,2170,0,晴
2025-02-01,本溪关门山国家森林公园,4068,1,晴
2025-02-02,本溪关门山国家森林公园,13095,1,晴
2025-02-03,本溪关门山国家森林公园,3470,1,小雨
2025-02-04,本溪关门山国家森林公园,3956,1,中雨
2025-02-05,本溪关门山国家森林公园,5612,1,小雨
2025-02-06,本溪关门山国家森林公园,7718,1,阴
2025-02-07,本溪关门山国家森林公园,9872,1,小雨
2025-02-08,本溪关门山国家森林公园,5512,0,晴
2025-02-09,本溪关门山国家森林公园,2320,0,晴
2025-02-10,本溪关门山国家森林公园,4273,0,晴
2025-02-11,本溪关门山国家森林公园,4318,0,晴
2025-02-12,本溪关门山国家森林公园,4613,0,中雨
2025-02-13,本溪关门山国家森林公园,2756,0,小雨
2025-02-14,本溪关门山国家森林公园,1538,0,小雨
2025-02-15,本溪关门山国家森林公园,2881,0,晴
2025-02-16,本溪关门山国家森林公园,6534,0,中雨
2025-02-17,本溪关门山国家森林公园,1434,0,晴
2025-02-18,本溪关门山国家森林公园,3123,0,小雨
2025-02-19,本溪关门山国家森林公园,3764,0,小雨
2025-02-20,本溪关门山国家森林公园,4839,0,中雨
2025-02-21,本溪关门山国家森林公园,708,0,晴
2025-02-22,本溪关门山国家森林公园,4009,0,中雨
2025-02-23,本溪关门山国家森林公园,7366,0,晴
2025-02-24,本溪关门山国家森林公园,1178,0,阴
2025-02-25,本溪关门山国家森林公园,3402,0,小雨
2025-02-26,本溪关门山国家森林公园,3816,0,中雨
2025-02-27,本溪关门山国家森林公园,4876,0,晴
2025-02-28,本溪关门山国家森林公园,671,0,小雨
2025-03-01,本溪关门山国家森林公园,4324,0,多云
2025-03-02,本溪关门山国家森林公园,2068,0,多云
2025-03-03,本溪关门山国家森林公园,2428,0,多云
2025-03-04,本溪关门山国家森林公园,2358,0,小雨
2025-03-05,本溪关门山国家森林公园,3828,0,小雨
2025-03-06,本溪关门山国家森林公园,4694,0,小雨
2025-03-07,本溪关门山国家森林公园,4033,0,中雨
2025-03-08,本溪关门山国家森林公园,1830,0,小雨
2025-03-09,本溪关门山国家森林公园,3156,0,小雨
2025-03-10,本溪关门山国家森林公园,4063,0,晴
2025-03-11,本溪关门山国家森林公园,4448,0,多云
2025-03-12,本溪关门山国家森林公园,2612,0,晴
2025-03-13,本溪关门山国家森林公园,2549,0,多云
2025-03-14,本溪关门山国家森林公园,4070,0,小雨
2025-03-15,本溪关门山国家森林公园,4132,0,晴
2025-03-16,本溪关门山国家森林公园,2400,0,小雨
2025-03-17,本溪关门山国家森林公园,3971,0,阴
2025-03-18,本溪关门山国家森林公园,1181,0,阴
2025-03-19,本溪关门山国家森林公园,1296,0,中雨
2025-03-20,本溪关门山国家森林公园,749,0,阴
2025-03-21,本溪关门山国家森林公园,810,0,多云
2025-03-22,本溪关门山国家森林公园,3814,0,晴
2025-03-23,本溪关门山国家森林公园,5910,0,小雨
2025-03-24,本溪关门山国家森林公园,2052,0,晴
2025-03-25,本溪关门山国家森林公园,3234,0,阴
2025-03-26,本溪关门山国家森林公园,2045,0,晴
2025-03-27,本溪关门山国家森林公园,1236,0,多云
2025-03-28,本溪关门山国家森林公园,636,0,阴
2025-03-29,本溪关门山国家森林公园,1755,0,阴
2025-03-30,本溪关门山国家森林公园,6121,0,多云
2025-03-31,本溪关门山国家森林公园,873,0,中雨
2025-04-01,本溪关门山国家森林公园,3798,0,阴
2025-04-02,本溪关门山国家森林公园,1873,0,晴
2025-04-03,本溪关门山国家森林公园,2740,0,晴
2025-04-04,本溪关门山国家森林公园,1695,0,多云
2025-04-05,本溪关门山国家森林公园,5985,0,小雨
2025-04-06,本溪关门山国家森林公园,7326,0,晴
2025-04-07,本溪关门山国家森林公园,2844,0,多云
2025-04-08,本溪关门山国家森林公园,3126,0,小雨
2025-04-09,本溪关门山国家森林公园,2695,0,多云
2025-04-10,本溪关门山国家森林公园,2598,0,阴
2025-04-11,本溪关门山国家森林公园,4891,0,晴
2025-04-12,本溪关门山国家森林公园,4152,0,多云
2025-04-13,本溪关门山国家森林公园,6669,0,阴
2025-04-14,本溪关门山国家森林公园,619,0,中雨
2025-04-15,本溪关门山国家森林公园,1723,0,阴
2025-04-16,本溪关门山国家森林公园,2925,0,多云
2025-04-17,本溪关门山国家森林公园,3575,0,小雨
2025-04-18,本溪关门山国家森林公园,2881,0,多云
2025-04-19,本溪关门山国家森林公园,3448,0,阴
2025-04-20,本溪关门山国家森林公园,5997,0,阴
2025-04-21,本溪关门山国家森林公园,1829,0,小雨
2025-04-22,本溪关门山国家森林公园,1791,0,阴
2025-04-23,本溪关门山国家森林公园,3414,0,中雨
2025-04-24,本溪关门山国家森林公园,2155,0,小雨
2025-04-25,本溪关门山国家森林公园,2431,0,多云
2025-04-26,本溪关门山国家森林公园,1765,0,多云
2025-04-27,本溪关门山国家森林公园,7128,0,晴
2025-04-28,本溪关门山国家森林公园,4607,0,多云
2025-04-29,本溪关门山国家森林公园,3782,0,小雨
2025-04-30,本溪关门山国家森林公园,4336,0,多云
2025-05-01,本溪关门山国家森林公园,8326,1,中雨
2025-05-02,本溪关门山国家森林公园,4982,1,小雨
2025-05-03,本溪关门山国家森林公园,4827,1,多云
2025-05-04,本溪关门山国家森林公园,14631,1,晴
2025-05-05,本溪关门山国家森林公园,1198,1,中雨
2025-05-06,本溪关门山国家森林公园,1650,1,多云
2025-05-07,本溪关门山国家森林公园,9762,1,中雨
2025-05-08,本溪关门山国家森林公园,3395,0,晴
2025-05-09,本溪关门山国家森林公园,2123,0,小雨
2025-05-10,本溪关门山国家森林公园,3498,0,阴
2025-05-11,本溪关门山国家森林公园,4434,0,中雨
2025-05-12,本溪关门山国家森林公园,2986,0,多云
2025-05-13,本溪关门山国家森林公园,3606,0,晴
2025-05-14,本溪关门山国家森林公园,2946,0,多云
2025-05-15,本溪关门山国家森林公园,3340,0,阴
2025-05-16,本溪关门山国家森林公园,2082,0,晴
2025-05-17,本溪关门山国家森林公园,1810,0,晴
2025-05-18,本溪关门山国家森林公园,4312,0,阴
2025-05-19,本溪关门山国家森林公园,1807,0,阴
2025-05-20,本溪关门山国家森林公园,718,0,中雨
2025-05-21,本溪关门山国家森林公园,2294,0,多云
2025-05-22,本溪关门山国家森林公园,2885,0,阴
2025-05-23,本溪关门山国家森林公园,2446,0,晴
2025-05-24,本溪关门山国家森林公园,2994,0,小雨
2025-05-25,本溪关门山国家森林公园,4489,0,晴
2025-05-26,本溪关门山国家森林公园,4018,0,小雨
2025-05-27,本溪关门山国家森林公园,522,0,小雨
2025-05-28,本溪关门山国家森林公园,2515,0,小雨
2025-05-29,本溪关门山国家森林公园,4598,0,阴
2025-05-30,本溪关门山国家森林公园,1674,0,阴
2025-05-31,本溪关门山国家森林公园,3306,0,中雨
2025-06-01,本溪关门山国家森林公园,2584,0,阴
2025-06-02,本溪关门山国家森林公园,3105,0,中雨
2025-06-03,本溪关门山国家森林公园,1814,0,中雨
2025-06-04,本溪关门山国家森林公园,3854,0,晴
2025-06-05,本溪关门山国家森林公园,1849,0,阴
2025-06-06,本溪关门山国家森林公园,1348,0,小雨
2025-06-07,本溪关门山国家森林公园,2337,0,阴
2025-06-08,本溪关门山国家森林公园,1969,0,多云
2025-06-09,本溪关门山国家森林公园,3666,0,中雨
2025-06-10,本溪关门山国家森林公园,2199,0,中雨
2025-06-11,本溪关门山国家森林公园,3962,0,多云
2025-06-12,本溪关门山国家森林公园,2070,0,小雨
2025-06-13,本溪关门山国家森林公园,4948,0,阴
2025-06-14,本溪关门山国家森林公园,4227,0,阴
2025-06-15,本溪关门山国家森林公园,6787,0,多云
2025-06-16,本溪关门山国家森林公园,3978,0,晴
2025-06-17,本溪关门山国家森林公园,1877,0,晴
2025-06-18,本溪关门山国家森林公园,4942,0,晴
2025-06-19,本溪关门山国家森林公园,4623,0,阴
2025-06-20,本溪关门山国家森林公园,3216,0,晴
2025-06-21,本溪关门山国家森林公园,837,0,小雨
2025-06-22,本溪关门山国家森林公园,3694,0,中雨
2025-06-23,本溪关门山国家森林公园,4586,0,小雨
2025-06-24,本溪关门山国家森林公园,2355,0,中雨
2025-06-25,本溪关门山国家森林公园,2783,0,小雨
2025-06-26,本溪关门山国家森林公园,4069,0,多云
2025-06-27,本溪关门山国家森林公园,2060,0,多云
2025-06-28,本溪关门山国家森林公园,6610,0,小雨
2025-06-29,本溪关门山国家森林公园,3414,0,多云
2025-06-30,本溪关门山国家森林公园,3509,0,中雨
2025-07-01,本溪关门山国家森林公园,3334,0,阴
2025-07-02,本溪关门山国家森林公园,1724,0,阴
2025-07-03,本溪关门山国家森林公园,3225,0,晴
2025-07-04,本溪关门山国家森林公园,1498,0,小雨
2025-07-05,本溪关门山国家森林公园,1099,0,多云
2025-07-06,本溪关门山国家森林公园,4942,0,多云
2025-07-07,本溪关门山国家森林公园,4505,0,晴
2025-07-08,本溪关门山国家森林公园,1553,0,多云
2025-07-09,本溪关门山国家森林公园,4596,0,阴
2025-07-10,本溪关门山国家森林公园,1977,0,晴
2025-07-11,本溪关门山国家森林公园,2368,0,小雨
2025-07-12,本溪关门山国家森林公园,7380,0,多云
2025-07-13,本溪关门山国家森林公园,1308,0,中雨
2025-07-14,本溪关门山国家森林公园,2860,0,小雨
2025-07-15,本溪关门山国家森林公园,4005,0,中雨
2025-07-16,本溪关门山国家森林公园,3173,0,阴
2025-07-17,本溪关门山国家森林公园,1220,0,多云
2025-07-18,本溪关门山国家森林公园,564,0,小雨
2025-07-19,本溪关门山国家森林公园,6603,0,阴
2025-07-20,本溪关门山国家森林公园,4183,0,阴
2025-07-21,本溪关门山国家森林公园,4162,0,多云
2025-07-22,本溪关门山国家森林公园,952,0,小雨
2025-07-23,本溪关门山国家森林公园,2156,0,中雨
2025-07-24,本溪关门山国家森林公园,2304,0,多云
2025-07-25,本溪关门山国家森林公园,696,0,晴
2025-07-26,本溪关门山国家森林公园,1390,0,多云
2025-07-27,本溪关门山国家森林公园,3102,0,多云
2025-07-28,本溪关门山国家森林公园,3634,0,多云
2025-07-29,本溪关门山国家森林公园,1479,0,晴
2025-07-30,本溪关门山国家森林公园,3663,0,中雨
2025-07-31,本溪关门山国家森林公园,1744,0,阴
2025-08-01,本溪关门山国家森林公园,1631,0,晴
2025-08-02,本溪关门山国家森林公园,5584,0,小雨
2025-08-03,本溪关门山国家森林公园,2079,0,阴
2025-08-04,本溪关门山国家森林公园,1569,0,中雨
2025-08-05,本溪关门山国家森林公园,789,0,多云
2025-08-06,本溪关门山国家森林公园,4201,0,小雨
2025-08-07,本溪关门山国家森林公园,1670,0,阴
2025-08-08,本溪关门山国家森林公园,1854,0,多云
2025-08-09,本溪关门山国家森林公园,6157,0,中雨
2025-08-10,本溪关门山国家森林公园,4720,0,多云
2025-08-11,本溪关门山国家森林公园,1927,0,阴
2025-08-12,本溪关门山国家森林公园,2694,0,中雨
2025-08-13,本溪关门山国家森林公园,4114,0,晴
2025-08-14,本溪关门山国家森林公园,4008,0,晴
2025-08-15,本溪关门山国家森林公园,1796,0,小雨
2025-08-16,本溪关门山国家森林公园,3790,0,中雨
2025-08-17,本溪关门山国家森林公园,6535,0,晴
2025-08-18,本溪关门山国家森林公园,3483,0,晴
2025-08-19,本溪关门山国家森林公园,4411,0,小雨
2025-08-20,本溪关门山国家森林公园,4705,0,阴
2025-08-21,本溪关门山国家森林公园,3694,0,中雨
2025-08-22,本溪关门山国家森林公园,2560,0,中雨
2025-08-23,本溪关门山国家森林公园,1497,0,中雨
2025-08-24,本溪关门山国家森林公园,3804,0,阴
2025-08-25,本溪关门山国家森林公园,4736,0,阴
2025-08-26,本溪关门山国家森林公园,3438,0,阴
2025-08-27,本溪关门山国家森林公园,2549,0,小雨
2025-08-28,本溪关门山国家森林公园,1075,0,多云
2025-08-29,本溪关门山国家森林公园,2977,0,中雨
2025-08-30,本溪关门山国家森林公园,1045,0,晴
2025-08-31,本溪关门山国家森林公园,3658,0,多云
2025-09-01,本溪关门山国家森林公园,4939,0,多云
2025-09-02,本溪关门山国家森林公园,1639,0,晴
2025-09-03,本溪关门山国家森林公园,4763,0,阴
2025-09-04,本溪关门山国家森林公园,834,0,阴
2025-09-05,本溪关门山国家森林公园,2528,0,多云
2025-09-06,本溪关门山国家森林公园,2812,0,多云
2025-09-07,本溪关门山国家森林公园,2059,0,晴
2025-09-08,本溪关门山国家森林公园,4332,0,中雨
2025-09-09,本溪关门山国家森林公园,4017,0,阴
2025-09-10,本溪关门山国家森林公园,1951,0,中雨
2025-09-11,本溪关门山国家森林公园,4128,0,多云
2025-09-12,本溪关门山国家森林公园,1758,0,多云
2025-09-13,本溪关门山国家森林公园,4672,0,晴
2025-09-14,本溪关门山国家森林公园,1425,0,中雨
2025-09-15,本溪关门山国家森林公园,1169,0,多云
2025-09-16,本溪关门山国家森林公园,1493,0,中雨
2025-09-17,本溪关门山国家森林公园,4769,0,中雨
2025-09-18,本溪关门山国家森林公园,2166,0,多云
2025-09-19,本溪关门山国家森林公园,3290,0,多云
2025-09-20,本溪关门山国家森林公园,1389,0,阴
2025-09-21,本溪关门山国家森林公园,1879,0,阴
2025-09-22,本溪关门山国家森林公园,2379,0,多云
2025-09-23,本溪关门山国家森林公园,3537,0,晴
2025-09-24,本溪关门山国家森林公园,1868,0,小雨
2025-09-25,本溪关门山国家森林公园,2106,0,晴
2025-09-26,本溪关门山国家森林公园,2741,0,阴
2025-09-27,本溪关门山国家森林公园,3030,0,阴
2025-09-28,本溪关门山国家森林公园,7033,0,多云
2025-09-29,本溪关门山国家森林公园,3931,0,阴
2025-09-30,本溪关门山国家森林公园,1651,0,小雨
2025-10-01,本溪关门山国家森林公园,9964,1,多云
2025-10-02,本溪关门山国家森林公园,7288,1,小雨
2025-10-03,本溪关门山国家森林公园,1690,1,小雨
2025-10-04,本溪关门山国家森林公园,9147,1,中雨
2025-10-05,本溪关门山国家森林公园,3153,1,中雨
2025-10-06,本溪关门山国家森林公园,7660,1,小雨
2025-10-07,本溪关门山国家森林公园,4180,1,晴
2025-10-08,本溪关门山国家森林公园,1672,0,晴
2025-10-09,本溪关门山国家森林公园,3484,0,阴
2025-10-10,本溪关门山国家森林公园,1092,0,小雨
2025-10-11,本溪关门山国家森林公园,2956,0,中雨
2025-10-12,本溪关门山国家森林公园,5358,0,中雨
2025-10-13,本溪关门山国家森林公园,765,0,多云
2025-10-14,本溪关门山国家森林公园,1991,0,晴
2025-10-15,本溪关门山国家森林公园,4198,0,中雨
2025-10-16,本溪关门山国家森林公园,2477,0,小雨
2025-10-17,本溪关门山国家森林公园,2290,0,多云
2025-10-18,本溪关门山国家森林公园,4399,0,多云
2025-10-19,本溪关门山国家森林公园,2235,0,中雨
2025-10-20,本溪关门山国家森林公园,3670,0,小雨
2025-10-21,本溪关门山国家森林公园,4479,0,多云
2025-10-22,本溪关门山国家森林公园,2608,0,多云
2025-10-23,本溪关门山国家森林公园,3803,0,阴
2025-10-24,本溪关门山国家森林公园,567,0,中雨
2025-10-25,本溪关门山国家森林公园,4785,0,多云
2025-10-26,本溪关门山国家森林公园,6343,0,中雨
2025-10-27,本溪关门山国家森林公园,3118,0,多云
2025-10-28,本溪关门山国家森林公园,4733,0,多云
2025-10-29,本溪关门山国家森林公园,2750,0,晴
2025-10-30,本溪关门山国家森林公园,1518,0,小雨
2025-10-31,本溪关门山国家森林公园,1171,0,阴
2025-11-01,本溪关门山国家森林公园,894,0,多云
2025-11-02,本溪关门山国家森林公园,6135,0,多云
2025-11-03,本溪关门山国家森林公园,2590,0,晴
2025-11-04,本溪关门山国家森林公园,1154,0,小雨
2025-11-05,本溪关门山国家森林公园,4313,0,多云
2025-11-06,本溪关门山国家森林公园,4340,0,多云
2025-11-07,本溪关门山国家森林公园,3369,0,小雨
2025-11-08,本溪关门山国家森林公园,4350,0,阴
2025-11-09,本溪关门山国家森林公园,1999,0,多云
2025-11-10,本溪关门山国家森林公园,2771,0,中雨
2025-11-11,本溪关门山国家森林公园,827,0,小雨
2025-11-12,本溪关门山国家森林公园,3973,0,中雨
2025-11-13,本溪关门山国家森林公园,3698,0,小雨
2025-11-14,本溪关门山国家森林公园,2568,0,中雨
2025-11-15,本溪关门山国家森林公园,3246,0,晴
2025-11-16,本溪关门山国家森林公园,1782,0,晴
2025-11-17,本溪关门山国家森林公园,804,0,中雨
2025-11-18,本溪关门山国家森林公园,1357,0,中雨
2025-11-19,本溪关门山国家森林公园,1607,0,中雨
2025-11-20,本溪关门山国家森林公园,1092,0,晴
2025-11-21,本溪关门山国家森林公园,1897,0,阴
2025-11-22,本溪关门山国家森林公园,4578,0,多云
2025-11-23,本溪关门山国家森林公园,5848,0,多云
2025-11-24,本溪关门山国家森林公园,1663,0,多云
2025-11-25,本溪关门山国家森林公园,1684,0,小雨
2025-11-26,本溪关门山国家森林公园,532,0,多云
2025-11-27,本溪关门山国家森林公园,999,0,晴
2025-11-28,本溪关门山国家森林公园,4245,0,多云
2025-11-29,本溪关门山国家森林公园,6688,0,中雨
2025-11-30,本溪关门山国家森林公园,5901,0,小雨
2025-12-01,本溪关门山国家森林公园,531,0,多云
2025-12-02,本溪关门山国家森林公园,2485,0,晴
2025-12-03,本溪关门山国家森林公园,951,0,多云
2025-12-04,本溪关门山国家森林公园,4668,0,阴
2025-12-05,本溪关门山国家森林公园,2005,0,小雨
2025-12-06,本溪关门山国家森林公园,7047,0,阴
2025-12-07,本溪关门山国家森林公园,2253,0,小雨
2025-12-08,本溪关门山国家森林公园,513,0,多云
2025-12-09,本溪关门山国家森林公园,4422,0,阴
2025-12-10,本溪关门山国家森林公园,3083,0,晴
2025-12-11,本溪关门山国家森林公园,4750,0,晴
2025-12-12,本溪关门山国家森林公园,2365,0,中雨
2025-12-13,本溪关门山国家森林公园,1392,0,阴
2025-12-14,本溪关门山国家森林公园,7225,0,阴
2025-12-15,本溪关门山国家森林公园,3370,0,小雨
2025-12-16,本溪关门山国家森林公园,3992,0,多云
2025-12-17,本溪关门山国家森林公园,3701,0,小雨
2025-12-18,本溪关门山国家森林公园,1030,0,多云
2025-12-19,本溪关门山国家森林公园,1654,0,阴
2025-12-20,本溪关门山国家森林公园,1362,0,中雨
2025-12-21,本溪关门山国家森林公园,4021,0,中雨
2025-12-22,本溪关门山国家森林公园,1908,0,晴
2025-12-23,本溪关门山国家森林公园,916,0,晴
2025-12-24,本溪关门山国家森林公园,2694,0,阴
2025-12-25,本溪关门山国家森林公园,732,0,中雨
2024-12-26,丹东鸭绿江断桥,2083,0,中雨
2024-12-27,丹东鸭绿江断桥,3467,0,阴
2024-12-28,丹东鸭绿江断桥,6817,0,中雨
2024-12-29,丹东鸭绿江断桥,796,0,晴
2024-12-30,丹东鸭绿江断桥,2490,0,小雨
2024-12-31,丹东鸭绿江断桥,3835,0,中雨
2025-01-01,丹东鸭绿江断桥,6502,1,中雨
2025-01-02,丹东鸭绿江断桥,5870,1,阴
2025-01-03,丹东鸭绿江断桥,4828,1,小雨
2025-01-04,丹东鸭绿江断桥,2202,1,阴
2025-01-05,丹东鸭绿江断桥,14775,1,中雨
2025-01-06,丹东鸭绿江断桥,8754,1,中雨
2025-01-07,丹东鸭绿江断桥,2400,1,晴
2025-01-08,丹东鸭绿江断桥,3710,0,阴
2025-01-09,丹东鸭绿江断桥,1397,0,多云
2025-01-10,丹东鸭绿江断桥,2653,0,多云
2025-01-11,丹东鸭绿江断桥,6702,0,阴
2025-01-12,丹东鸭绿江断桥,2397,0,小雨
2025-01-13,丹东鸭绿江断桥,1871,0,多云
2025-01-14,丹东鸭绿江断桥,968,0,小雨
2025-01-15,丹东鸭绿江断桥,2470,0,小雨
2025-01-16,丹东鸭绿江断桥,2652,0,中雨
2025-01-17,丹东鸭绿江断桥,1491,0,小雨
2025-01-18,丹东鸭绿江断桥,5598,0,阴
2025-01-19,丹东鸭绿江断桥,1056,0,阴
2025-01-20,丹东鸭绿江断桥,2742,0,晴
2025-01-21,丹东鸭绿江断桥,4872,0,阴
2025-01-22,丹东鸭绿江断桥,2003,0,阴
2025-01-23,丹东鸭绿江断桥,4476,0,阴
2025-01-24,丹东鸭绿江断桥,4029,0,中雨
2025-01-25,丹东鸭绿江断桥,4488,0,多云
2025-01-26,丹东鸭绿江断桥,3028,0,小雨
2025-01-27,丹东鸭绿江断桥,4175,0,阴
2025-01-28,丹东鸭绿江断桥,821,0,多云
2025-01-29,丹东鸭绿江断桥,1755,0,晴
2025-01-30,丹东鸭绿江断桥,1798,0,阴
2025-01-31,丹东鸭绿江断桥,2188,0,晴
2025-02-01,丹东鸭绿江断桥,10041,1,阴
2025-02-02,丹东鸭绿江断桥,6183,1,小雨
2025-02-03,丹东鸭绿江断桥,1124,1,中雨
2025-02-04,丹东鸭绿江断桥,1356,1,小雨
2025-02-05,丹东鸭绿江断桥,2892,1,小雨
2025-02-06,丹东鸭绿江断桥,1724,1,多云
2025-02-07,丹东鸭绿江断桥,1634,1,小雨
2025-02-08,丹东鸭绿江断桥,3390,0,中雨
2025-02-09,丹东鸭绿江断桥,6373,0,阴
2025-02-10,丹东鸭绿江断桥,734,0,中雨
2025-02-11,丹东鸭绿江断桥,1492,0,中雨
2025-02-12,丹东鸭绿江断桥,2687,0,中雨
2025-02-13,丹东鸭绿江断桥,4181,0,多云
2025-02-14,丹东鸭绿江断桥,1413,0,阴
2025-02-15,丹东鸭绿江断桥,4212,0,阴
2025-02-16,丹东鸭绿江断桥,3091,0,晴
2025-02-17,丹东鸭绿江断桥,4097,0,阴
2025-02-18,丹东鸭绿江断桥,2262,0,中雨
2025-02-19,丹东鸭绿江断桥,2474,0,多云
2025-02-20,丹东鸭绿江断桥,1440,0,小雨
2025-02-21,丹东鸭绿江断桥,1642,0,阴
2025-02-22,丹东鸭绿江断桥,1297,0,中雨
2025-02-23,丹东鸭绿江断桥,4171,0,晴
2025-02-24,丹东鸭绿江断桥,2601,0,晴
2025-02-25,丹东鸭绿江断桥,1438,0,小雨
2025-02-26,丹东鸭绿江断桥,1427,0,小雨
2025-02-27,丹东鸭绿江断桥,2985,0,小雨
2025-02-28,丹东鸭绿江断桥,3296,0,多云
2025-03-01,丹东鸭绿江断桥,1780,0,多云
2025-03-02,丹东鸭绿江断桥,6210,0,小雨
2025-03-03,丹东鸭绿江断桥,2782,0,小雨
2025-03-04,丹东鸭绿江断桥,2055,0,阴
2025-03-05,丹东鸭绿江断桥,4388,0,阴
2025-03-06,丹东鸭绿江断桥,2254,0,阴
2025-03-07,丹东鸭绿江断桥,2522,0,阴
2025-03-08,丹东鸭绿江断桥,6379,0,晴
2025-03-09,丹东鸭绿江断桥,3531,0,小雨
2025-03-10,丹东鸭绿江断桥,2886,0,小雨
2025-03-11,丹东鸭绿江断桥,4261,0,晴
2025-03-12,丹东鸭绿江断桥,4828,0,中雨
2025-03-13,丹东鸭绿江断桥,2064,0,多云
2025-03-14,丹东鸭绿江断桥,2138,0,晴
2025-03-15,丹东鸭绿江断桥,7171,0,多云
2025-03-16,丹东鸭绿江断桥,6231,0,多云
2025-03-17,丹东鸭绿江断桥,1500,0,多云
2025-03-18,丹东鸭绿江断桥,3953,0,阴
2025-03-19,丹东鸭绿江断桥,2859,0,小雨
2025-03-20,丹东鸭绿江断桥,1870,0,多云
2025-03-21,丹东鸭绿江断桥,4610,0,中雨
2025-03-22,丹东鸭绿江断桥,5661,0,小雨
2025-03-23,丹东鸭绿江断桥,6076,0,中雨
2025-03-24,丹东鸭绿江断桥,3165,0,小雨
2025-03-25,丹东鸭绿江断桥,3719,0,晴
2025-03-26,丹东鸭绿江断桥,3207,0,多云
2025-03-27,丹东鸭绿江断桥,2121,0,晴
2025-03-28,丹东鸭绿江断桥,4605,0,晴
2025-03-29,丹东鸭绿江断桥,3238,0,多云
2025-03-30,丹东鸭绿江断桥,6300,0,小雨
2025-03-31,丹东鸭绿江断桥,3573,0,中雨
2025-04-01,丹东鸭绿江断桥,2829,0,晴
2025-04-02,丹东鸭绿江断桥,706,0,多云
2025-04-03,丹东鸭绿江断桥,1596,0,中雨
2025-04-04,丹东鸭绿江断桥,809,0,多云
2025-04-05,丹东鸭绿江断桥,894,0,多云
2025-04-06,丹东鸭绿江断桥,5622,0,小雨
2025-04-07,丹东鸭绿江断桥,4480,0,小雨
2025-04-08,丹东鸭绿江断桥,726,0,晴
2025-04-09,丹东鸭绿江断桥,1677,0,晴
2025-04-10,丹东鸭绿江断桥,2887,0,中雨
2025-04-11,丹东鸭绿江断桥,3601,0,多云
2025-04-12,丹东鸭绿江断桥,2532,0,中雨
2025-04-13,丹东鸭绿江断桥,7333,0,小雨
2025-04-14,丹东鸭绿江断桥,4479,0,中雨
2025-04-15,丹东鸭绿江断桥,3693,0,阴
2025-04-16,丹东鸭绿江断桥,2999,0,小雨
2025-04-17,丹东鸭绿江断桥,2206,0,晴
2025-04-18,丹东鸭绿江断桥,621,0,阴
2025-04-19,丹东鸭绿江断桥,6931,0,多云
2025-04-20,丹东鸭绿江断桥,6783,0,阴
2025-04-21,丹东鸭绿江断桥,1352,0,晴
2025-04-22,丹东鸭绿江断桥,970,0,中雨
2025-04-23,丹东鸭绿江断桥,4274,0,阴
2025-04-24,丹东鸭绿江断桥,1639,0,中雨
2025-04-25,丹东鸭绿江断桥,1675,0,多云
2025-04-26,丹东鸭绿江断桥,3553,0,多云
2025-04-27,丹东鸭绿江断桥,768,0,晴
2025-04-28,丹东鸭绿江断桥,1432,0,中雨
2025-04-29,丹东鸭绿江断桥,4789,0,阴
2025-04-30,丹东鸭绿江断桥,2482,0,晴
2025-05-01,丹东鸭绿江断桥,2796,1,阴
2025-05-02,丹东鸭绿江断桥,4060,1,小雨
2025-05-03,丹东鸭绿江断桥,1869,1,阴
2025-05-04,丹东鸭绿江断桥,14931,1,阴
2025-05-05,丹东鸭绿江断桥,9874,1,晴
2025-05-06,丹东鸭绿江断桥,1948,1,中雨
2025-05-07,丹东鸭绿江断桥,3394,1,阴
2025-05-08,丹东鸭绿江断桥,3044,0,晴
2025-05-09,丹东鸭绿江断桥,1500,0,晴
2025-05-10,丹东鸭绿江断桥,5482,0,小雨
2025-05-11,丹东鸭绿江断桥,6715,0,小雨
2025-05-12,丹东鸭绿江断桥,1782,0,晴
2025-05-13,丹东鸭绿江断桥,3937,0,小雨
2025-05-14,丹东鸭绿江断桥,4258,0,小雨
2025-05-15,丹东鸭绿江断桥,1011,0,中雨
2025-05-16,丹东鸭绿江断桥,3873,0,多云
2025-05-17,丹东鸭绿江断桥,4099,0,晴
2025-05-18,丹东鸭绿江断桥,2236,0,多云
2025-05-19,丹东鸭绿江断桥,1728,0,小雨
2025-05-20,丹东鸭绿江断桥,2429,0,中雨
2025-05-21,丹东鸭绿江断桥,1116,0,阴
2025-05-22,丹东鸭绿江断桥,731,0,小雨
2025-05-23,丹东鸭绿江断桥,2882,0,小雨
2025-05-24,丹东鸭绿江断桥,1195,0,阴
2025-05-25,丹东鸭绿江断桥,3820,0,中雨
2025-05-26,丹东鸭绿江断桥,4089,0,多云
2025-05-27,丹东鸭绿江断桥,3817,0,小雨
2025-05-28,丹东鸭绿江断桥,1834,0,晴
2025-05-29,丹东鸭绿江断桥,1726,0,中雨
2025-05-30,丹东鸭绿江断桥,4994,0,晴
2025-05-31,丹东鸭绿江断桥,3246,0,中雨
2025-06-01,丹东鸭绿江断桥,2967,0,中雨
2025-06-02,丹东鸭绿江断桥,3009,0,多云
2025-06-03,丹东鸭绿江断桥,1329,0,阴
2025-06-04,丹东鸭绿江断桥,1015,0,晴
2025-06-05,丹东鸭绿江断桥,1336,0,中雨
2025-06-06,丹东鸭绿江断桥,624,0,中雨
2025-06-07,丹东鸭绿江断桥,864,0,阴
2025-06-08,丹东鸭绿江断桥,6484,0,中雨
2025-06-09,丹东鸭绿江断桥,4176,0,阴
2025-06-10,丹东鸭绿江断桥,3608,0,中雨
2025-06-11,丹东鸭绿江断桥,3719,0,晴
2025-06-12,丹东鸭绿江断桥,835,0,多云
2025-06-13,丹东鸭绿江断桥,749,0,晴
2025-06-14,丹东鸭绿江断桥,6042,0,阴
2025-06-15,丹东鸭绿江断桥,6696,0,小雨
2025-06-16,丹东鸭绿江断桥,3584,0,阴
2025-06-17,丹东鸭绿江断桥,3486,0,多云
2025-06-18,丹东鸭绿江断桥,1199,0,中雨
2025-06-19,丹东鸭绿江断桥,1795,0,多云
2025-06-20,丹东鸭绿江断桥,500,0,中雨
2025-06-21,丹东鸭绿江断桥,7411,0,阴
2025-06-22,丹东鸭绿江断桥,5853,0,中雨
2025-06-23,丹东鸭绿江断桥,4007,0,中雨
2025-06-24,丹东鸭绿江断桥,2446,0,小雨
2025-06-25,丹东鸭绿江断桥,842,0,阴
2025-06-26,丹东鸭绿江断桥,3142,0,小雨
2025-06-27,丹东鸭绿江断桥,4738,0,阴
2025-06-28,丹东鸭绿江断桥,2667,0,阴
2025-06-29,丹东鸭绿江断桥,3247,0,小雨
2025-06-30,丹东鸭绿江断桥,4883,0,晴
2025-07-01,丹东鸭绿江断桥,2276,0,中雨
2025-07-02,丹东鸭绿江断桥,1121,0,多云
2025-07-03,丹东鸭绿江断桥,2789,0,多云
2025-07-04,丹东鸭绿江断桥,2303,0,阴
2025-07-05,丹东鸭绿江断桥,2412,0,晴
2025-07-06,丹东鸭绿江断桥,4360,0,中雨
2025-07-07,丹东鸭绿江断桥,4035,0,多云
2025-07-08,丹东鸭绿江断桥,3854,0,中雨
2025-07-09,丹东鸭绿江断桥,1749,0,中雨
2025-07-10,丹东鸭绿江断桥,4476,0,中雨
2025-07-11,丹东鸭绿江断桥,4132,0,小雨
2025-07-12,丹东鸭绿江断桥,1981,0,晴
2025-07-13,丹东鸭绿江断桥,1606,0,中雨
2025-07-14,丹东鸭绿江断桥,1197,0,中雨
2025-07-15,丹东鸭绿江断桥,724,0,中雨
2025-07-16,丹东鸭绿江断桥,2493,0,多云
2025-07-17,丹东鸭绿江断桥,1243,0,中雨
2025-07-18,丹东鸭绿江断桥,1860,0,中雨
2025-07-19,丹东鸭绿江断桥,1281,0,晴
2025-07-20,丹东鸭绿江断桥,3850,0,多云
2025-07-21,丹东鸭绿江断桥,1719,0,阴
2025-07-22,丹东鸭绿江断桥,3623,0,中雨
2025-07-23,丹东鸭绿江断桥,827,0,小雨
2025-07-24,丹东鸭绿江断桥,3790,0,中雨
2025-07-25,丹东鸭绿江断桥,1916,0,阴
2025-07-26,丹东鸭绿江断桥,6718,0,晴
2025-07-27,丹东鸭绿江断桥,1950,0,多云
2025-07-28,丹东鸭绿江断桥,971,0,晴
2025-07-29,丹东鸭绿江断桥,3462,0,中雨
2025-07-30,丹东鸭绿江断桥,4993,0,晴
2025-07-31,丹东鸭绿江断桥,1481,0,阴
2025-08-01,丹东鸭绿江断桥,4888,0,小雨
2025-08-02,丹东鸭绿江断桥,1188,0,阴
2025-08-03,丹东鸭绿江断桥,6241,0,中雨
2025-08-04,丹东鸭绿江断桥,3785,0,阴
2025-08-05,丹东鸭绿江断桥,1270,0,中雨
2025-08-06,丹东鸭绿江断桥,4832,0,小雨
2025-08-07,丹东鸭绿江断桥,3555,0,阴
2025-08-08,丹东鸭绿江断桥,875,0,阴
2025-08-09,丹东鸭绿江断桥,5427,0,晴
2025-08-10,丹东鸭绿江断桥,4767,0,阴
2025-08-11,丹东鸭绿江断桥,4058,0,小雨
2025-08-12,丹东鸭绿江断桥,699,0,阴
2025-08-13,丹东鸭绿江断桥,2616,0,中雨
2025-08-14,丹东鸭绿江断桥,2571,0,中雨
2025-08-15,丹东鸭绿江断桥,2340,0,晴
2025-08-16,丹东鸭绿江断桥,3231,0,晴
2025-08-17,丹东鸭绿江断桥,6558,0,中雨
2025-08-18,丹东鸭绿江断桥,3454,0,小雨
2025-08-19,丹东鸭绿江断桥,4823,0,多云
2025-08-20,丹东鸭绿江断桥,2335,0,小雨
2025-08-21,丹东鸭绿江断桥,1331,0,多云
2025-08-22,丹东鸭绿江断桥,3478,0,中雨
2025-08-23,丹东鸭绿江断桥,4266,0,晴
2025-08-24,丹东鸭绿江断桥,3906,0,多云
2025-08-25,丹东鸭绿江断桥,3783,0,中雨
2025-08-26,丹东鸭绿江断桥,3877,0,晴
2025-08-27,丹东鸭绿江断桥,2619,0,小雨
2025-08-28,丹东鸭绿江断桥,1972,0,晴
2025-08-29,丹东鸭绿江断桥,3231,0,晴
2025-08-30,丹东鸭绿江断桥,3907,0,小雨
2025-08-31,丹东鸭绿江断桥,2323,0,小雨
2025-09-01,丹东鸭绿江断桥,2632,0,小雨
2025-09-02,丹东鸭绿江断桥,2150,0,多云
2025-09-03,丹东鸭绿江断桥,1201,0,阴
2025-09-04,丹东鸭绿江断桥,3456,0,阴
2025-09-05,丹东鸭绿江断桥,2992,0,晴
2025-09-06,丹东鸭绿江断桥,4108,0,阴
2025-09-07,丹东鸭绿江断桥,4245,0,多云
2025-09-08,丹东鸭绿江断桥,2500,0,小雨
2025-09-09,丹东鸭绿江断桥,4841,0,小雨
2025-09-10,丹东鸭绿江断桥,3539,0,多云
2025-09-11,丹东鸭绿江断桥,3096,0,晴
2025-09-12,丹东鸭绿江断桥,4119,0,多云
2025-09-13,丹东鸭绿江断桥,5454,0,多云
2025-09-14,丹东鸭绿江断桥,5052,0,多云
2025-09-15,丹东鸭绿江断桥,1122,0,多云
2025-09-16,丹东鸭绿江断桥,635,0,小雨
2025-09-17,丹东鸭绿江断桥,3449,0,阴
2025-09-18,丹东鸭绿江断桥,1522,0,中雨
2025-09-19,丹东鸭绿江断桥,2934,0,多云
2025-09-20,丹东鸭绿江断桥,7155,0,中雨
2025-09-21,丹东鸭绿江断桥,3930,0,中雨
2025-09-22,丹东鸭绿江断桥,642,0,晴
2025-09-23,丹东鸭绿江断桥,4740,0,晴
2025-09-24,丹东鸭绿江断桥,741,0,中雨
2025-09-25,丹东鸭绿江断桥,4089,0,阴
2025-09-26,丹东鸭绿江断桥,4121,0,多云
2025-09-27,丹东鸭绿江断桥,3045,0,小雨
2025-09-28,丹东鸭绿江断桥,4305,0,晴
2025-09-29,丹东鸭绿江断桥,4296,0,多云
2025-09-30,丹东鸭绿江断桥,1464,0,阴
2025-10-01,丹东鸭绿江断桥,2716,1,晴
2025-10-02,丹东鸭绿江断桥,4676,1,小雨
2025-10-03,丹东鸭绿江断桥,3706,1,晴
2025-10-04,丹东鸭绿江断桥,10320,1,小雨
2025-10-05,丹东鸭绿江断桥,9651,1,晴
2025-10-06,丹东鸭绿江断桥,4516,1,中雨
2025-10-07,丹东鸭绿江断桥,3838,1,中雨
2025-10-08,丹东鸭绿江断桥,1439,0,晴
2025-10-09,丹东鸭绿江断桥,4030,0,多云
2025-10-10,丹东鸭绿江断桥,1176,0,多云
2025-10-11,丹东鸭绿江断桥,6373,0,阴
2025-10-12,丹东鸭绿江断桥,7077,0,中雨
2025-10-13,丹东鸭绿江断桥,2056,0,小雨
2025-10-14,丹东鸭绿江断桥,754,0,多云
2025-10-15,丹东鸭绿江断桥,2169,0,小雨
2025-10-16,丹东鸭绿江断桥,3962,0,中雨
2025-10-17,丹东鸭绿江断桥,2894,0,中雨
2025-10-18,丹东鸭绿江断桥,7063,0,多云
2025-10-19,丹东鸭绿江断桥,6610,0,多云
2025-10-20,丹东鸭绿江断桥,3407,0,中雨
2025-10-21,丹东鸭绿江断桥,1306,0,晴
2025-10-22,丹东鸭绿江断桥,3360,0,阴
2025-10-23,丹东鸭绿江断桥,2132,0,小雨
2025-10-24,丹东鸭绿江断桥,1705,0,中雨
2025-10-25,丹东鸭绿江断桥,1081,0,多云
2025-10-26,丹东鸭绿江断桥,6825,0,阴
2025-10-27,丹东鸭绿江断桥,3955,0,晴
2025-10-28,丹东鸭绿江断桥,4279,0,阴
2025-10-29,丹东鸭绿江断桥,4669,0,阴
2025-10-30,丹东鸭绿江断桥,671,0,小雨
2025-10-31,丹东鸭绿江断桥,3531,0,阴
2025-11-01,丹东鸭绿江断桥,1039,0,中雨
2025-11-02,丹东鸭绿江断桥,6274,0,小雨
2025-11-03,丹东鸭绿江断桥,2584,0,中雨
2025-11-04,丹东鸭绿江断桥,2432,0,晴
2025-11-05,丹东鸭绿江断桥,1519,0,晴
2025-11-06,丹东鸭绿江断桥,591,0,多云
2025-11-07,丹东鸭绿江断桥,3932,0,阴
2025-11-08,丹东鸭绿江断桥,2424,0,晴
2025-11-09,丹东鸭绿江断桥,6508,0,多云
2025-11-10,丹东鸭绿江断桥,2761,0,阴
2025-11-11,丹东鸭绿江断桥,548,0,小雨
2025-11-12,丹东鸭绿江断桥,3524,0,多云
2025-11-13,丹东鸭绿江断桥,3258,0,晴
2025-11-14,丹东鸭绿江断桥,4946,0,中雨
2025-11-15,丹东鸭绿江断桥,4753,0,晴
2025-11-16,丹东鸭绿江断桥,2803,0,多云
2025-11-17,丹东鸭绿江断桥,1473,0,晴
2025-11-18,丹东鸭绿江断桥,4064,0,中雨
2025-11-19,丹东鸭绿江断桥,3455,0,中雨
2025-11-20,丹东鸭绿江断桥,2321,0,阴
2025-11-21,丹东鸭绿江断桥,3575,0,小雨
2025-11-22,丹东鸭绿江断桥,4326,0,中雨
2025-11-23,丹东鸭绿江断桥,1029,0,小雨
2025-11-24,丹东鸭绿江断桥,2146,0,多云
2025-11-25,丹东鸭绿江断桥,3586,0,小雨
2025-11-26,丹东鸭绿江断桥,3620,0,阴
2025-11-27,丹东鸭绿江断桥,1204,0,阴
2025-11-28,丹东鸭绿江断桥,2043,0,多云
2025-11-29,丹东鸭绿江断桥,796,0,晴
2025-11-30,丹东鸭绿江断桥,4030,0,中雨
2025-12-01,丹东鸭绿江断桥,2240,0,阴
2025-12-02,丹东鸭绿江断桥,4159,0,中雨
2025-12-03,丹东鸭绿江断桥,1376,0,小雨
2025-12-04,丹东鸭绿江断桥,4804,0,小雨
2025-12-05,丹东鸭绿江断桥,1757,0,小雨
2025-12-06,丹东鸭绿江断桥,5479,0,阴
2025-12-07,丹东鸭绿江断桥,1099,0,小雨
2025-12-08,丹东鸭绿江断桥,3631,0,中雨
2025-12-09,丹东鸭绿江断桥,4581,0,多云
2025-12-10,丹东鸭绿江断桥,4685,0,晴
2025-12-11,丹东鸭绿江断桥,899,0,中雨
2025-12-12,丹东鸭绿江断桥,1339,0,晴
2025-12-13,丹东鸭绿江断桥,1897,0,多云
2025-12-14,丹东鸭绿江断桥,3880,0,晴
2025-12-15,丹东鸭绿江断桥,1940,0,多云
2025-12-16,丹东鸭绿江断桥,2083,0,多云
2025-12-17,丹东鸭绿江断桥,4450,0,小雨
2025-12-18,丹东鸭绿江断桥,4684,0,小雨
2025-12-19,丹东鸭绿江断桥,3184,0,阴
2025-12-20,丹东鸭绿江断桥,5416,0,小雨
2025-12-21,丹东鸭绿江断桥,2815,0,小雨
2025-12-22,丹东鸭绿江断桥,4560,0,小雨
2025-12-23,丹东鸭绿江断桥,1974,0,中雨
2025-12-24,丹东鸭绿江断桥,3008,0,中雨
2025-12-25,丹东鸭绿江断桥,3995,0,阴
